"ts","log_file","micro_batch_index","index_in_batch","total_in_batch","ok","recovered_from_output","sample_id","target_level","model","provider","source_article_id","source_dataset","source_file","article_id","hit_target","rounds_used","fidelity_overall","prompt_tokens","completion_tokens","total_tokens","llm_calls","elapsed_ms","error","status"
"2026/3/1 12:49:24","adjust_main_n8_mb01_2026-03-01T12-48-35-675Z.jsonl","1","1","24","True","False","questions_ielts_13_test1_passage1_b1idvj_to_l1_r1_x-ai_grok-4.1-fast","1","x-ai/grok-4.1-fast","openrouter","ielts_13_test1_passage1_b1idvj","questions","ielts_13_test1_passage1_b1idvj.json","39e6942f-3ceb-4e0f-b205-b1ca33c46b73","True","1","0.9434","1611","5853","7464","1","48991",,
"2026/3/1 12:50:13","adjust_main_n8_mb01_2026-03-01T12-48-35-675Z.jsonl","1","2","24","True","False","questions_ielts_13_test1_passage3_91iewj_to_l1_r2_x-ai_grok-4.1-fast","1","x-ai/grok-4.1-fast","openrouter","ielts_13_test1_passage3_91iewj","questions","ielts_13_test1_passage3_91iewj.json","56454b91-b0e4-44f2-847a-a404bb7e7566","True","1","0.9759","1701","4610","6311","1","48254",,
"2026/3/1 12:50:57","adjust_main_n8_mb01_2026-03-01T12-48-35-675Z.jsonl","1","3","24","True","False","questions_ielts_13_test2_passage1_21iffj_to_l1_r3_x-ai_grok-4.1-fast","1","x-ai/grok-4.1-fast","openrouter","ielts_13_test2_passage1_21iffj","questions","ielts_13_test2_passage1_21iffj.json","a6940a7b-72d3-4907-865f-5a032d833647","True","1","0.9489","1610","4758","6368","1","43992",,
"2026/3/1 12:51:37","adjust_main_n8_mb01_2026-03-01T12-48-35-675Z.jsonl","1","4","24","True","False","questions_ielts_13_test2_passage3_61igdj_to_l1_r4_x-ai_grok-4.1-fast","1","x-ai/grok-4.1-fast","openrouter","ielts_13_test2_passage3_61igdj","questions","ielts_13_test2_passage3_61igdj.json","a26e269a-972c-45a2-9787-509fc75dc6d6","True","1","0.8587","1749","4091","5840","1","39200",,
"2026/3/1 12:52:31","adjust_main_n8_mb01_2026-03-01T12-48-35-675Z.jsonl","1","5","24","True","False","questions_ielts_13_test3_passage1_41igvj_to_l1_r5_x-ai_grok-4.1-fast","1","x-ai/grok-4.1-fast","openrouter","ielts_13_test3_passage1_41igvj","questions","ielts_13_test3_passage1_41igvj.json","94370425-9d84-4317-a39d-8994cb16c322","True","1","0.9571","1620","5666","7286","1","54430",,
"2026/3/1 12:56:21","adjust_main_n8_mb01_2026-03-01T12-48-35-675Z.jsonl","1","6","24","True","False","questions_ielts_13_test4_passage1_91iiaj_to_l1_r6_x-ai_grok-4.1-fast","1","x-ai/grok-4.1-fast","openrouter","ielts_13_test4_passage1_91iiaj","questions","ielts_13_test4_passage1_91iiaj.json","69c98677-7ddf-4f3b-ae7b-ccb401a19f51","True","2","0.9686","3456","19414","22870","2","229329",,
"2026/3/1 12:59:35","adjust_main_n8_mb01_2026-03-01T12-48-35-675Z.jsonl","1","7","24","True","False","questions_ielts_13_test4_passage3_21ij7j_to_l1_r7_x-ai_grok-4.1-fast","1","x-ai/grok-4.1-fast","openrouter","ielts_13_test4_passage3_21ij7j","questions","ielts_13_test4_passage3_21ij7j.json","a4aba8fc-ee56-45b9-8ba6-12df4db1422d","True","3","0.9426","4916","20749","25665","3","193488",,
"2026/3/1 13:00:25","adjust_main_n8_mb01_2026-03-01T12-48-35-675Z.jsonl","1","8","24","True","False","questions_ielts_14_test1_passage1_f277jj_to_l1_r8_x-ai_grok-4.1-fast","1","x-ai/grok-4.1-fast","openrouter","ielts_14_test1_passage1_f277jj","questions","ielts_14_test1_passage1_f277jj.json","f12658a2-b32f-4e36-8519-c3ab15703004","True","1","0.9437","1687","4689","6376","1","50162",,
"2026/3/1 13:03:17","adjust_main_n8_mb01_2026-03-01T12-48-35-675Z.jsonl","1","9","24","True","False","questions_ielts_14_test1_passage3_f278wj_to_l2_r1_x-ai_grok-4.1-fast","2","x-ai/grok-4.1-fast","openrouter","ielts_14_test1_passage3_f278wj","questions","ielts_14_test1_passage3_f278wj.json","4c17bd10-01f2-4774-8a53-d50dfbaadfdc","True","3","0.9129","4830","17703","22533","3","171456",,
"2026/3/1 13:06:48","adjust_main_n8_mb01_2026-03-01T12-48-35-675Z.jsonl","1","10","24","True","False","questions_ielts_14_test2_passage1_f279uj_to_l2_r2_x-ai_grok-4.1-fast","2","x-ai/grok-4.1-fast","openrouter","ielts_14_test2_passage1_f279uj","questions","ielts_14_test2_passage1_f279uj.json","49a9a294-8fd0-4f41-b505-d8b9c9a7ab72","True","3","0.9859","5298","23474","28772","3","211153",,
"2026/3/1 13:07:55","adjust_main_n8_mb01_2026-03-01T12-48-35-675Z.jsonl","1","11","24","True","False","questions_ielts_14_test2_passage3_827asj_to_l2_r3_x-ai_grok-4.1-fast","2","x-ai/grok-4.1-fast","openrouter","ielts_14_test2_passage3_827asj","questions","ielts_14_test2_passage3_827asj.json","f2772eba-c3dc-4662-a1ff-432cbcfd841e","True","1","0.9337","1559","8469","10028","1","66794",,
"2026/3/1 13:11:35","adjust_main_n8_mb01_2026-03-01T12-48-35-675Z.jsonl","1","12","24","True","False","questions_ielts_14_test3_passage1_927bfj_to_l2_r4_x-ai_grok-4.1-fast","2","x-ai/grok-4.1-fast","openrouter","ielts_14_test3_passage1_927bfj","questions","ielts_14_test3_passage1_927bfj.json","8bfecb9a-717e-4c55-a86e-213d2e2d8635","True","3","0.9514","4892","23309","28201","3","219660",,
"2026/3/1 13:12:22","adjust_main_n8_mb01_2026-03-01T12-48-35-675Z.jsonl","1","13","24","True","False","questions_ielts_14_test3_passage3_527cnj_to_l2_r5_x-ai_grok-4.1-fast","2","x-ai/grok-4.1-fast","openrouter","ielts_14_test3_passage3_527cnj","questions","ielts_14_test3_passage3_527cnj.json","269acfc5-bec2-4323-bac9-2f1046b67d0d","True","1","0.955","1805","7375","9180","1","46645",,
"2026/3/1 13:13:16","adjust_main_n8_mb01_2026-03-01T12-48-35-675Z.jsonl","1","14","24","True","False","questions_ielts_14_test4_passage1_c27d7j_to_l2_r6_x-ai_grok-4.1-fast","2","x-ai/grok-4.1-fast","openrouter","ielts_14_test4_passage1_c27d7j","questions","ielts_14_test4_passage1_c27d7j.json","149522a8-4905-4196-9914-84064c2e6885","True","1","0.975","1622","5671","7293","1","53115",,
"2026/3/1 13:14:21","adjust_main_n8_mb01_2026-03-01T12-48-35-675Z.jsonl","1","15","24","True","False","questions_ielts_14_test4_passage2_c27dnj_to_l2_r7_x-ai_grok-4.1-fast","2","x-ai/grok-4.1-fast","openrouter","ielts_14_test4_passage2_c27dnj","questions","ielts_14_test4_passage2_c27dnj.json","e9854fc1-b3da-4917-8714-7d175541907f","True","1","0.8714","1523","6878","8401","1","64704",,
"2026/3/1 13:15:11","adjust_main_n8_mb01_2026-03-01T12-48-35-675Z.jsonl","1","16","24","True","False","questions_ielts_14_test4_passage3_527e3j_to_l2_r8_x-ai_grok-4.1-fast","2","x-ai/grok-4.1-fast","openrouter","ielts_14_test4_passage3_527e3j","questions","ielts_14_test4_passage3_527e3j.json","481adcd8-5a38-4c2f-a0c3-1d27a948223a","True","1","0.9337","1660","8446","10106","1","49463",,
"2026/3/1 13:16:15","adjust_main_n8_mb01_2026-03-01T12-48-35-675Z.jsonl","1","17","24","True","False","questions_ielts_15_test1_passage1_727epj_to_l3_r1_x-ai_grok-4.1-fast","3","x-ai/grok-4.1-fast","openrouter","ielts_15_test1_passage1_727epj","questions","ielts_15_test1_passage1_727epj.json","605edea9-f7ca-4196-9ce3-d78bb40a134a","True","1","1","1734","6993","8727","1","64209",,
"2026/3/1 13:16:53","adjust_main_n8_mb01_2026-03-01T12-48-35-675Z.jsonl","1","18","24","True","False","questions_ielts_15_test1_passage3_e27fnj_to_l3_r2_x-ai_grok-4.1-fast","3","x-ai/grok-4.1-fast","openrouter","ielts_15_test1_passage3_e27fnj","questions","ielts_15_test1_passage3_e27fnj.json","787ad228-9694-4903-8f1a-a31e1147b1ec","True","1","0.971","1743","4076","5819","1","37280",,
"2026/3/1 13:17:19","adjust_main_n8_mb01_2026-03-01T12-48-35-675Z.jsonl","1","19","24","True","False","questions_ielts_15_test2_passage3_827h2j_to_l3_r3_x-ai_grok-4.1-fast","3","x-ai/grok-4.1-fast","openrouter","ielts_15_test2_passage3_827h2j","questions","ielts_15_test2_passage3_827h2j.json","7ca81dcc-e035-43d2-9709-9e9e140baa10","True","1","0.9464","1795","4088","5883","1","25801",,
"2026/3/1 13:17:53","adjust_main_n8_mb01_2026-03-01T12-48-35-675Z.jsonl","1","20","24","True","False","questions_ielts_15_test3_passage1_e27hmj_to_l3_r4_x-ai_grok-4.1-fast","3","x-ai/grok-4.1-fast","openrouter","ielts_15_test3_passage1_e27hmj","questions","ielts_15_test3_passage1_e27hmj.json","792e9e2b-2b7f-4fb8-8d88-319b830f7391","True","1","1","1705","6225","7930","1","33993",,
"2026/3/1 13:19:00","adjust_main_n8_mb01_2026-03-01T12-48-35-675Z.jsonl","1","21","24","True","False","questions_ielts_15_test3_passage3_b27iij_to_l3_r5_x-ai_grok-4.1-fast","3","x-ai/grok-4.1-fast","openrouter","ielts_15_test3_passage3_b27iij","questions","ielts_15_test3_passage3_b27iij.json","7e35ec72-9713-4f72-914f-d9da6e58e707","True","1","0.9531","1787","8880","10667","1","66648",,
"2026/3/1 13:20:06","adjust_main_n8_mb01_2026-03-01T12-48-35-675Z.jsonl","1","22","24","True","False","questions_ielts_15_test4_passage1_327j0j_to_l3_r6_x-ai_grok-4.1-fast","3","x-ai/grok-4.1-fast","openrouter","ielts_15_test4_passage1_327j0j","questions","ielts_15_test4_passage1_327j0j.json","d8c6ed7c-9afa-4f83-ae1f-da081a9b2296","True","1","0.9743","1809","11914","13723","1","65173",,
"2026/3/1 13:20:48","adjust_main_n8_mb01_2026-03-01T12-48-35-675Z.jsonl","1","23","24","True","False","questions_ielts_15_test4_passage2_027jhj_to_l3_r7_x-ai_grok-4.1-fast","3","x-ai/grok-4.1-fast","openrouter","ielts_15_test4_passage2_027jhj","questions","ielts_15_test4_passage2_027jhj.json","4f107fba-d343-40e1-9455-43210750b0bb","True","1","0.964","1641","6697","8338","1","41954",,
"2026/3/1 13:22:30","adjust_main_n8_mb01_2026-03-01T12-48-35-675Z.jsonl","1","24","24","True","False","questions_ielts_15_test4_passage3_027jxj_to_l3_r8_x-ai_grok-4.1-fast","3","x-ai/grok-4.1-fast","openrouter","ielts_15_test4_passage3_027jxj","questions","ielts_15_test4_passage3_027jxj.json","6ac543e8-ff30-481d-be01-aa8805928317","True","2","0.94","3045","12017","15062","2","102161",,
"2026/3/1 12:50:39","adjust_main_n8_mb02_2026-03-01T12-48-35-695Z.jsonl","2","1","24","True","False","questions_ielts_16_test1_passage1_827khj_to_l4_r1_x-ai_grok-4.1-fast","4","x-ai/grok-4.1-fast","openrouter","ielts_16_test1_passage1_827khj","questions","ielts_16_test1_passage1_827khj.json","4ad309cd-6ae5-4a2d-b21b-70bd98a7154e","True","1","1","1653","11176","12829","1","123591",,
"2026/3/1 12:51:53","adjust_main_n8_mb02_2026-03-01T12-48-35-695Z.jsonl","2","2","24","True","False","questions_ielts_16_test1_passage3_c27ldj_to_l4_r2_x-ai_grok-4.1-fast","4","x-ai/grok-4.1-fast","openrouter","ielts_16_test1_passage3_c27ldj","questions","ielts_16_test1_passage3_c27ldj.json","ed489117-551d-42c5-bb19-f75968acfd10","True","1","0.9565","1686","7111","8797","1","73908",,
"2026/3/1 12:56:44","adjust_main_n8_mb02_2026-03-01T12-48-35-695Z.jsonl","2","3","24","True","False","questions_ielts_16_test2_passage1_927lvj_to_l4_r3_x-ai_grok-4.1-fast","4","x-ai/grok-4.1-fast","openrouter","ielts_16_test2_passage1_927lvj","questions","ielts_16_test2_passage1_927lvj.json","65038136-7e5c-49c9-8ea8-564ebdeaf1fa","True","2","1","3768","26948","30716","2","290923",,
"2026/3/1 12:57:14","adjust_main_n8_mb02_2026-03-01T12-48-35-695Z.jsonl","2","4","24","True","False","questions_ielts_16_test2_passage2_a27mbj_to_l4_r4_x-ai_grok-4.1-fast","4","x-ai/grok-4.1-fast","openrouter","ielts_16_test2_passage2_a27mbj","questions","ielts_16_test2_passage2_a27mbj.json","1da5ce96-8156-4539-b0c9-7c4648b1db6d","True","1","0.9603","1781","2612","4393","1","29680",,
"2026/3/1 12:58:36","adjust_main_n8_mb02_2026-03-01T12-48-35-695Z.jsonl","2","5","24","True","False","questions_ielts_16_test2_passage3_027mtj_to_l4_r5_x-ai_grok-4.1-fast","4","x-ai/grok-4.1-fast","openrouter","ielts_16_test2_passage3_027mtj","questions","ielts_16_test2_passage3_027mtj.json","7f1e7bb7-debc-4238-a1ff-cde84c5d5a95","True","1","0.9591","1583","7577","9160","1","81899",,
"2026/3/1 12:59:27","adjust_main_n8_mb02_2026-03-01T12-48-35-695Z.jsonl","2","6","24","True","False","questions_ielts_16_test3_passage1_827nbj_to_l4_r6_x-ai_grok-4.1-fast","4","x-ai/grok-4.1-fast","openrouter","ielts_16_test3_passage1_827nbj","questions","ielts_16_test3_passage1_827nbj.json","26e6ceca-0710-4f20-84ad-f753e8bfb8fb","True","1","0.9526","1687","5752","7439","1","50752",,
"2026/3/1 13:00:30","adjust_main_n8_mb02_2026-03-01T12-48-35-695Z.jsonl","2","7","24","True","False","questions_ielts_16_test3_passage3_227o8j_to_l4_r7_x-ai_grok-4.1-fast","4","x-ai/grok-4.1-fast","openrouter","ielts_16_test3_passage3_227o8j","questions","ielts_16_test3_passage3_227o8j.json","9ef8b8ae-21ff-4459-a233-31d1c2021348","True","1","0.9534","1665","7692","9357","1","62324",,
"2026/3/1 13:01:47","adjust_main_n8_mb02_2026-03-01T12-48-35-695Z.jsonl","2","8","24","True","False","questions_ielts_16_test4_passage1_d27oqj_to_l4_r8_x-ai_grok-4.1-fast","4","x-ai/grok-4.1-fast","openrouter","ielts_16_test4_passage1_d27oqj","questions","ielts_16_test4_passage1_d27oqj.json","037866d2-12a3-4519-aca7-c0802b465c30","True","1","1","1766","10527","12293","1","76477",,
"2026/3/1 13:02:48","adjust_main_n8_mb02_2026-03-01T12-48-35-695Z.jsonl","2","9","24","True","False","questions_ielts_16_test4_passage2_027p7j_to_l5_r1_x-ai_grok-4.1-fast","5","x-ai/grok-4.1-fast","openrouter","ielts_16_test4_passage2_027p7j","questions","ielts_16_test4_passage2_027p7j.json","b2df0f44-36bc-4990-b545-f5c1cd4260af","True","1","1","1776","9008","10784","1","60360",,
"2026/3/1 13:06:00","adjust_main_n8_mb02_2026-03-01T12-48-35-695Z.jsonl","2","10","24","True","False","questions_ielts_16_test4_passage3_c27puj_to_l5_r2_x-ai_grok-4.1-fast","5","x-ai/grok-4.1-fast","openrouter","ielts_16_test4_passage3_c27puj","questions","ielts_16_test4_passage3_c27puj.json","3468a0a4-ba5c-49bb-b195-911c5a5a13b1","True","2","0.969","3294","16864","20158","2","192174",,
"2026/3/1 13:08:15","adjust_main_n8_mb02_2026-03-01T12-48-35-695Z.jsonl","2","11","24","True","False","questions_ielts_17_test1_passage1_c27quj_to_l5_r3_x-ai_grok-4.1-fast","5","x-ai/grok-4.1-fast","openrouter","ielts_17_test1_passage1_c27quj","questions","ielts_17_test1_passage1_c27quj.json","06e6b59c-4385-435c-b92c-241d8f483a93","True","2","0.9671","3514","16853","20367","2","135003",,
"2026/3/1 13:09:47","adjust_main_n8_mb02_2026-03-01T12-48-35-695Z.jsonl","2","12","24","True","False","questions_ielts_17_test1_passage3_d27rrj_to_l5_r4_x-ai_grok-4.1-fast","5","x-ai/grok-4.1-fast","openrouter","ielts_17_test1_passage3_d27rrj","questions","ielts_17_test1_passage3_d27rrj.json","7e95a8a0-f18c-470f-a6e9-30d429a9f8bf","True","1","0.98","1854","10648","12502","1","91733",,
"2026/3/1 13:14:55","adjust_main_n8_mb02_2026-03-01T12-48-35-695Z.jsonl","2","13","24","False","True","questions_ielts_17_test2_passage1_627s9j_to_l5_r5_x-ai_grok-4.1-fast","5","x-ai/grok-4.1-fast",,"ielts_17_test2_passage1_627s9j","questions","ielts_17_test2_passage1_627s9j.json",,,,,,,,,"306896","fetch failed",
"2026/3/1 13:16:00","adjust_main_n8_mb02_2026-03-01T12-48-35-695Z.jsonl","2","14","24","True","False","questions_ielts_17_test2_passage3_627t7j_to_l5_r6_x-ai_grok-4.1-fast","5","x-ai/grok-4.1-fast","openrouter","ielts_17_test2_passage3_627t7j","questions","ielts_17_test2_passage3_627t7j.json","94b179a0-bbd5-4eab-8f5f-e9b9ba498922","True","1","0.9918","1806","10062","11868","1","64914",,
"2026/3/1 13:17:20","adjust_main_n8_mb02_2026-03-01T12-48-35-695Z.jsonl","2","15","24","True","False","questions_ielts_17_test3_passage1_c27tpj_to_l5_r7_x-ai_grok-4.1-fast","5","x-ai/grok-4.1-fast","openrouter","ielts_17_test3_passage1_c27tpj","questions","ielts_17_test3_passage1_c27tpj.json","7702050b-8331-4bfd-8cad-4021da1d6ab1","True","1","0.91","1689","6903","8592","1","79483",,
"2026/3/1 13:18:16","adjust_main_n8_mb02_2026-03-01T12-48-35-695Z.jsonl","2","16","24","True","False","questions_ielts_17_test3_passage3_f27umj_to_l5_r8_x-ai_grok-4.1-fast","5","x-ai/grok-4.1-fast","openrouter","ielts_17_test3_passage3_f27umj","questions","ielts_17_test3_passage3_f27umj.json","352ef32d-afee-46b9-bac9-efef96a5c15d","True","1","1","1903","9593","11496","1","56520",,
"2026/3/1 13:21:14","adjust_main_n8_mb02_2026-03-01T12-48-35-695Z.jsonl","2","17","24","True","False","generated_0350be07-6c09-40f8-a55b-a43f7fb8faab_to_l1_r1_x-ai_grok-4.1-fast","1","x-ai/grok-4.1-fast","openrouter","0350be07-6c09-40f8-a55b-a43f7fb8faab","generated","0350be07-6c09-40f8-a55b-a43f7fb8faab.json","013e0d1f-7e59-4a46-8316-34707fd025b7","True","3","0.755","4174","21083","25257","3","177271",,
"2026/3/1 13:21:49","adjust_main_n8_mb02_2026-03-01T12-48-35-695Z.jsonl","2","18","24","True","False","generated_039cb4b4-1508-481e-abd4-522e76f3ccf3_to_l1_r2_x-ai_grok-4.1-fast","1","x-ai/grok-4.1-fast","openrouter","039cb4b4-1508-481e-abd4-522e76f3ccf3","generated","039cb4b4-1508-481e-abd4-522e76f3ccf3.json","07a9d556-009e-4010-9f6f-1727985291cb","True","1","1","1342","5275","6617","1","34388",,
"2026/3/1 13:26:56","adjust_main_n8_mb02_2026-03-01T12-48-35-695Z.jsonl","2","19","24","False","True","generated_09edb394-a0f6-4424-a226-f4deeb51e99f_to_l1_r3_x-ai_grok-4.1-fast","1","x-ai/grok-4.1-fast",,"09edb394-a0f6-4424-a226-f4deeb51e99f","generated","09edb394-a0f6-4424-a226-f4deeb51e99f.json",,,,,,,,,"306817","fetch failed",
"2026/3/1 13:32:03","adjust_main_n8_mb02_2026-03-01T12-48-35-695Z.jsonl","2","20","24","False","True","generated_0abb6f8a-2252-4304-a020-1cdf392abadd_to_l1_r4_x-ai_grok-4.1-fast","1","x-ai/grok-4.1-fast",,"0abb6f8a-2252-4304-a020-1cdf392abadd","generated","0abb6f8a-2252-4304-a020-1cdf392abadd.json",,,,,,,,,"306786","fetch failed",
"2026/3/1 13:35:35","adjust_main_n8_mb02_2026-03-01T12-48-35-695Z.jsonl","2","21","24","True","False","generated_0ae1cae6-1308-47f1-b1d7-c27541b36b95_to_l1_r5_x-ai_grok-4.1-fast","1","x-ai/grok-4.1-fast","openrouter","0ae1cae6-1308-47f1-b1d7-c27541b36b95","generated","0ae1cae6-1308-47f1-b1d7-c27541b36b95.json","16f19d3e-2644-421e-82ec-35cbb366affc","True","3","0.7813","3083","23493","26576","3","211408",,
"2026/3/1 13:40:41","adjust_main_n8_mb02_2026-03-01T12-48-35-695Z.jsonl","2","22","24","True","False","generated_0bef376f-b893-43d1-820d-00fba9ab6838_to_l1_r6_x-ai_grok-4.1-fast","1","x-ai/grok-4.1-fast","openrouter","0bef376f-b893-43d1-820d-00fba9ab6838","generated","0bef376f-b893-43d1-820d-00fba9ab6838.json","008e8b5a-977e-4537-8567-0a510effbfdd","True","5","0.7712","5137","33562","38699","5","306202",,
"2026/3/1 13:45:23","adjust_main_n8_mb02_2026-03-01T12-48-35-695Z.jsonl","2","23","24","True","False","generated_0c073ba2-1279-4572-a200-bd170c99d332_to_l1_r7_x-ai_grok-4.1-fast","1","x-ai/grok-4.1-fast","openrouter","0c073ba2-1279-4572-a200-bd170c99d332","generated","0c073ba2-1279-4572-a200-bd170c99d332.json","913556fa-4d80-4b37-bcca-e674f902d2d8","True","4","0.7323","5336","32441","37777","4","281041",,
"2026/3/1 13:46:59","adjust_main_n8_mb02_2026-03-01T12-48-35-695Z.jsonl","2","24","24","True","False","generated_0c413512-f7ee-4e64-b5f2-e35d46dc7ad7_to_l1_r8_x-ai_grok-4.1-fast","1","x-ai/grok-4.1-fast","openrouter","0c413512-f7ee-4e64-b5f2-e35d46dc7ad7","generated","0c413512-f7ee-4e64-b5f2-e35d46dc7ad7.json","0ef6935d-08d9-4656-8d69-b8dac01e704a","True","1","0.9908","1361","8634","9995","1","96307",,
"2026/3/1 12:49:37","adjust_main_n8_mb03_2026-03-01T12-48-35-695Z.jsonl","3","1","24","True","False","generated_0c812562-e605-4eec-9b15-fa0701517dd0_to_l2_r1_x-ai_grok-4.1-fast","2","x-ai/grok-4.1-fast","openrouter","0c812562-e605-4eec-9b15-fa0701517dd0","generated","0c812562-e605-4eec-9b15-fa0701517dd0.json","7b63baac-3a69-496f-9b28-ae9287f065eb","True","1","0.9786","1062","8188","9250","1","61633",,
"2026/3/1 12:54:12","adjust_main_n8_mb03_2026-03-01T12-48-35-695Z.jsonl","3","2","24","True","False","generated_0c8587eb-b6e0-484b-8c70-807e3266c714_to_l2_r2_x-ai_grok-4.1-fast","2","x-ai/grok-4.1-fast","openrouter","0c8587eb-b6e0-484b-8c70-807e3266c714","generated","0c8587eb-b6e0-484b-8c70-807e3266c714.json","06d44237-4fc5-4069-9951-2dd97a2a89b0","True","3","0.8803","4185","30700","34885","3","274490",,
"2026/3/1 12:55:49","adjust_main_n8_mb03_2026-03-01T12-48-35-695Z.jsonl","3","3","24","True","False","generated_0e4b88a4-1242-4606-888a-6c1f1b7f7804_to_l2_r3_x-ai_grok-4.1-fast","2","x-ai/grok-4.1-fast","openrouter","0e4b88a4-1242-4606-888a-6c1f1b7f7804","generated","0e4b88a4-1242-4606-888a-6c1f1b7f7804.json","0930e1dc-b6ab-42ad-8921-3a030e6e4d55","True","1","0.9257","977","8671","9648","1","97149",,
"2026/3/1 12:58:08","adjust_main_n8_mb03_2026-03-01T12-48-35-695Z.jsonl","3","4","24","True","False","generated_0f1efd6f-a3bd-4915-bd74-9a73aa50720b_to_l2_r4_x-ai_grok-4.1-fast","2","x-ai/grok-4.1-fast","openrouter","0f1efd6f-a3bd-4915-bd74-9a73aa50720b","generated","0f1efd6f-a3bd-4915-bd74-9a73aa50720b.json","697ac909-1995-4434-ae9f-502fe159c850","True","2","0.99","2389","13829","16218","2","138334",,
"2026/3/1 12:59:22","adjust_main_n8_mb03_2026-03-01T12-48-35-695Z.jsonl","3","5","24","True","False","generated_11a0826e-5a87-4e50-b071-49d4d7daa336_to_l2_r5_x-ai_grok-4.1-fast","2","x-ai/grok-4.1-fast","openrouter","11a0826e-5a87-4e50-b071-49d4d7daa336","generated","11a0826e-5a87-4e50-b071-49d4d7daa336.json","41628538-ba6c-43d2-afa4-149326f12068","True","1","1","1056","6174","7230","1","73515",,
"2026/3/1 13:01:05","adjust_main_n8_mb03_2026-03-01T12-48-35-695Z.jsonl","3","6","24","True","False","generated_124bd8f6-90f3-4fa5-9ed1-72ce929b791f_to_l2_r6_x-ai_grok-4.1-fast","2","x-ai/grok-4.1-fast","openrouter","124bd8f6-90f3-4fa5-9ed1-72ce929b791f","generated","124bd8f6-90f3-4fa5-9ed1-72ce929b791f.json","0906a24b-e57c-49b5-bf06-5aec227c3b62","True","1","0.9842","1196","10706","11902","1","103568",,
"2026/3/1 13:01:51","adjust_main_n8_mb03_2026-03-01T12-48-35-695Z.jsonl","3","7","24","True","False","generated_14437b00-2ac3-40e2-a14b-1112e936a901_to_l2_r7_x-ai_grok-4.1-fast","2","x-ai/grok-4.1-fast","openrouter","14437b00-2ac3-40e2-a14b-1112e936a901","generated","14437b00-2ac3-40e2-a14b-1112e936a901.json","2c3e6835-ec7c-412c-a4d7-eba001875702","True","1","0.9839","981","4635","5616","1","45381",,
"2026/3/1 13:02:39","adjust_main_n8_mb03_2026-03-01T12-48-35-695Z.jsonl","3","8","24","True","False","generated_1679e35f-e594-4859-a7ba-551d81fc8369_to_l2_r8_x-ai_grok-4.1-fast","2","x-ai/grok-4.1-fast","openrouter","1679e35f-e594-4859-a7ba-551d81fc8369","generated","1679e35f-e594-4859-a7ba-551d81fc8369.json","27b0bce5-97a2-4eb5-bc7a-c6c00f279e09","True","1","0.8843","994","6599","7593","1","47942",,
"2026/3/1 13:03:44","adjust_main_n8_mb03_2026-03-01T12-48-35-695Z.jsonl","3","9","24","True","False","generated_18e3546e-a14a-4655-a5b1-e4ea21ec633e_to_l3_r1_x-ai_grok-4.1-fast","3","x-ai/grok-4.1-fast","openrouter","18e3546e-a14a-4655-a5b1-e4ea21ec633e","generated","18e3546e-a14a-4655-a5b1-e4ea21ec633e.json","71bbe3dd-88d4-4dfa-af96-088c073fc385","True","1","0.9813","1222","6265","7487","1","63826",,
"2026/3/1 13:06:07","adjust_main_n8_mb03_2026-03-01T12-48-35-695Z.jsonl","3","10","24","True","False","generated_1935319b-6d42-4309-99eb-fdf7003928ae_to_l3_r2_x-ai_grok-4.1-fast","3","x-ai/grok-4.1-fast","openrouter","1935319b-6d42-4309-99eb-fdf7003928ae","generated","1935319b-6d42-4309-99eb-fdf7003928ae.json","b0e947cf-4678-4286-bff4-47fc5f4834cc","True","2","1","2015","12870","14885","2","143246",,
"2026/3/1 13:06:44","adjust_main_n8_mb03_2026-03-01T12-48-35-695Z.jsonl","3","11","24","True","False","generated_1aa948e6-8ed3-4f58-9bf3-6c597cef030b_to_l3_r3_x-ai_grok-4.1-fast","3","x-ai/grok-4.1-fast","openrouter","1aa948e6-8ed3-4f58-9bf3-6c597cef030b","generated","1aa948e6-8ed3-4f58-9bf3-6c597cef030b.json","e9c7ad5a-7c57-4215-8c58-e9a67d38fa41","True","1","0.8357","1058","5400","6458","1","36730",,
"2026/3/1 13:09:54","adjust_main_n8_mb03_2026-03-01T12-48-35-695Z.jsonl","3","12","24","True","False","generated_1d07bc5b-d510-4384-8583-aad7baff6773_to_l3_r4_x-ai_grok-4.1-fast","3","x-ai/grok-4.1-fast","openrouter","1d07bc5b-d510-4384-8583-aad7baff6773","generated","1d07bc5b-d510-4384-8583-aad7baff6773.json","b530ee33-ad38-4038-bb26-281c56a6ef66","True","3","0.83","3616","25271","28887","3","189493",,
"2026/3/1 13:11:47","adjust_main_n8_mb03_2026-03-01T12-48-35-695Z.jsonl","3","13","24","True","False","generated_1eff4d7a-8ebe-4111-8851-32b0a55876be_to_l3_r5_x-ai_grok-4.1-fast","3","x-ai/grok-4.1-fast","openrouter","1eff4d7a-8ebe-4111-8851-32b0a55876be","generated","1eff4d7a-8ebe-4111-8851-32b0a55876be.json","8ec36ef8-7e67-41f8-94df-8dbc20983951","True","2","0.98","2609","12491","15100","2","112353",,
"2026/3/1 13:14:06","adjust_main_n8_mb03_2026-03-01T12-48-35-695Z.jsonl","3","14","24","True","False","generated_1fff278e-2ec5-4c58-86b2-9ca8f453367b_to_l3_r6_x-ai_grok-4.1-fast","3","x-ai/grok-4.1-fast","openrouter","1fff278e-2ec5-4c58-86b2-9ca8f453367b","generated","1fff278e-2ec5-4c58-86b2-9ca8f453367b.json","e6f1ba1c-74d7-4688-9a11-22807d11ecf1","True","2","0.8932","3132","15686","18818","2","139528",,
"2026/3/1 13:15:16","adjust_main_n8_mb03_2026-03-01T12-48-35-695Z.jsonl","3","15","24","True","False","generated_203ae205-3a4d-4dcc-aab2-69ad42372bc5_to_l3_r7_x-ai_grok-4.1-fast","3","x-ai/grok-4.1-fast","openrouter","203ae205-3a4d-4dcc-aab2-69ad42372bc5","generated","203ae205-3a4d-4dcc-aab2-69ad42372bc5.json","8fb43de5-132c-427b-a569-8677612b2391","True","1","0.8443","1505","8527","10032","1","69155",,
"2026/3/1 13:17:28","adjust_main_n8_mb03_2026-03-01T12-48-35-695Z.jsonl","3","16","24","True","False","generated_23e68211-0ca0-4ca3-bbd5-c133ca9884b9_to_l3_r8_x-ai_grok-4.1-fast","3","x-ai/grok-4.1-fast","openrouter","23e68211-0ca0-4ca3-bbd5-c133ca9884b9","generated","23e68211-0ca0-4ca3-bbd5-c133ca9884b9.json","d26b66fd-4fd9-41c7-8fe5-2cc2cb3ff00d","True","3","0.7494","3327","17544","20871","3","131923",,
"2026/3/1 13:21:01","adjust_main_n8_mb03_2026-03-01T12-48-35-695Z.jsonl","3","17","24","True","False","generated_24e797b0-643b-4ab7-acc1-92a2fd3bcfff_to_l4_r1_x-ai_grok-4.1-fast","4","x-ai/grok-4.1-fast","openrouter","24e797b0-643b-4ab7-acc1-92a2fd3bcfff","generated","24e797b0-643b-4ab7-acc1-92a2fd3bcfff.json","06b28ebb-1fe3-4a0d-bcf0-a0b6cc37ce2f","True","4","0.7562","4161","28902","33063","4","212732",,
"2026/3/1 13:22:06","adjust_main_n8_mb03_2026-03-01T12-48-35-695Z.jsonl","3","18","24","True","False","generated_2593d2ce-cc8e-4356-979d-990202935fd8_to_l4_r2_x-ai_grok-4.1-fast","4","x-ai/grok-4.1-fast","openrouter","2593d2ce-cc8e-4356-979d-990202935fd8","generated","2593d2ce-cc8e-4356-979d-990202935fd8.json","fac38f72-41b4-4d61-96ca-e0a8f3e33907","True","1","0.9133","903","7171","8074","1","64442",,
"2026/3/1 13:23:26","adjust_main_n8_mb03_2026-03-01T12-48-35-695Z.jsonl","3","19","24","True","False","generated_26e90809-9715-4fc0-b0db-4f5d828a8422_to_l4_r3_x-ai_grok-4.1-fast","4","x-ai/grok-4.1-fast","openrouter","26e90809-9715-4fc0-b0db-4f5d828a8422","generated","26e90809-9715-4fc0-b0db-4f5d828a8422.json","a0e29357-5964-482b-a483-48857c291dc7","True","1","0.965","1074","10274","11348","1","79708",,
"2026/3/1 13:23:54","adjust_main_n8_mb03_2026-03-01T12-48-35-695Z.jsonl","3","20","24","True","False","generated_27257511-4248-4cb3-88f7-c1bc2f51ffb5_to_l4_r4_x-ai_grok-4.1-fast","4","x-ai/grok-4.1-fast","openrouter","27257511-4248-4cb3-88f7-c1bc2f51ffb5","generated","27257511-4248-4cb3-88f7-c1bc2f51ffb5.json","d42eb973-f0ae-4887-b9e7-a74024dbe112","True","1","0.87","1418","3763","5181","1","27969",,
"2026/3/1 13:25:16","adjust_main_n8_mb03_2026-03-01T12-48-35-695Z.jsonl","3","21","24","True","False","generated_2a1d9b0b-8b9f-45bc-b2ca-fbcc4d874bc5_to_l4_r5_x-ai_grok-4.1-fast","4","x-ai/grok-4.1-fast","openrouter","2a1d9b0b-8b9f-45bc-b2ca-fbcc4d874bc5","generated","2a1d9b0b-8b9f-45bc-b2ca-fbcc4d874bc5.json","7e5b61c8-01a9-481a-9b7a-44fc46c0feb7","True","1","0.9804","1094","10964","12058","1","81503",,
"2026/3/1 13:26:56","adjust_main_n8_mb03_2026-03-01T12-48-35-695Z.jsonl","3","22","24","True","False","generated_2cd8144f-fd45-48ef-9011-c6f4e751a89f_to_l4_r6_x-ai_grok-4.1-fast","4","x-ai/grok-4.1-fast","openrouter","2cd8144f-fd45-48ef-9011-c6f4e751a89f","generated","2cd8144f-fd45-48ef-9011-c6f4e751a89f.json","147147a7-9d66-4d77-8875-60b38b8e3dd3","True","2","0.9192","2660","11467","14127","2","100117",,
"2026/3/1 13:30:12","adjust_main_n8_mb03_2026-03-01T12-48-35-695Z.jsonl","3","23","24","True","False","generated_2d1748ce-785b-4aef-9110-620163cc46ce_to_l4_r7_x-ai_grok-4.1-fast","4","x-ai/grok-4.1-fast","openrouter","2d1748ce-785b-4aef-9110-620163cc46ce","generated","2d1748ce-785b-4aef-9110-620163cc46ce.json","e59602ee-9e87-4456-9ed9-ccef0538481f","True","3","0.89","3661","21468","25129","3","195471",,
"2026/3/1 13:32:23","adjust_main_n8_mb03_2026-03-01T12-48-35-695Z.jsonl","3","24","24","True","False","generated_2f6c2454-faf6-4af1-86f6-e93e93d6181a_to_l4_r8_x-ai_grok-4.1-fast","4","x-ai/grok-4.1-fast","openrouter","2f6c2454-faf6-4af1-86f6-e93e93d6181a","generated","2f6c2454-faf6-4af1-86f6-e93e93d6181a.json","daa300a9-87f4-42de-8a8a-7e5df6966024","True","2","0.7859","2580","14263","16843","2","130817",,
"2026/3/1 12:50:14","adjust_main_n8_mb04_2026-03-01T12-48-35-696Z.jsonl","4","1","24","True","False","generated_32643a93-325e-4493-8cd6-bfe2b3e65c1b_to_l5_r1_x-ai_grok-4.1-fast","5","x-ai/grok-4.1-fast","openrouter","32643a93-325e-4493-8cd6-bfe2b3e65c1b","generated","32643a93-325e-4493-8cd6-bfe2b3e65c1b.json","763d72b5-f8dd-4dfd-829d-ecbbae0a469f","True","1","1","1287","8121","9408","1","99059",,
"2026/3/1 12:51:14","adjust_main_n8_mb04_2026-03-01T12-48-35-696Z.jsonl","4","2","24","True","False","generated_32d83859-e1a7-45f6-8295-7e6df0e27fd2_to_l5_r2_x-ai_grok-4.1-fast","5","x-ai/grok-4.1-fast","openrouter","32d83859-e1a7-45f6-8295-7e6df0e27fd2","generated","32d83859-e1a7-45f6-8295-7e6df0e27fd2.json","0f64eaa9-3f34-4e49-a1d2-a3cb18f50e8a","True","1","1","1018","6793","7811","1","59354",,
"2026/3/1 12:52:58","adjust_main_n8_mb04_2026-03-01T12-48-35-696Z.jsonl","4","3","24","True","False","generated_3481ef0a-beb7-4eb2-9ac3-b8da0f4f3afd_to_l5_r3_x-ai_grok-4.1-fast","5","x-ai/grok-4.1-fast","openrouter","3481ef0a-beb7-4eb2-9ac3-b8da0f4f3afd","generated","3481ef0a-beb7-4eb2-9ac3-b8da0f4f3afd.json","1869ab69-7b0d-4bea-b66c-3589ccebf688","True","1","0.9743","1376","9622","10998","1","103325",,
"2026/3/1 12:58:03","adjust_main_n8_mb04_2026-03-01T12-48-35-696Z.jsonl","4","4","24","True","False","generated_35befef3-7876-4a93-a39e-9b2c271bc8f9_to_l5_r4_x-ai_grok-4.1-fast","5","x-ai/grok-4.1-fast","openrouter","35befef3-7876-4a93-a39e-9b2c271bc8f9","generated","35befef3-7876-4a93-a39e-9b2c271bc8f9.json","225c454f-3546-4fbf-af1b-11fe91c43879","True","3","0.7993","3317","29116","32433","3","304880",,
"2026/3/1 13:00:35","adjust_main_n8_mb04_2026-03-01T12-48-35-696Z.jsonl","4","5","24","True","False","generated_379ed5d3-997f-49b8-a1ee-43bec1e73b4f_to_l5_r5_x-ai_grok-4.1-fast","5","x-ai/grok-4.1-fast","openrouter","379ed5d3-997f-49b8-a1ee-43bec1e73b4f","generated","379ed5d3-997f-49b8-a1ee-43bec1e73b4f.json","f2ecabc8-00d1-4f04-8d5a-b104cb369c02","True","2","0.8962","3009","15583","18592","2","151618",,
"2026/3/1 13:05:40","adjust_main_n8_mb04_2026-03-01T12-48-35-696Z.jsonl","4","6","24","False","True","generated_37fadc6b-1e87-440c-b8b3-aec0905e222a_to_l5_r6_x-ai_grok-4.1-fast","5","x-ai/grok-4.1-fast",,"37fadc6b-1e87-440c-b8b3-aec0905e222a","generated","37fadc6b-1e87-440c-b8b3-aec0905e222a.json",,,,,,,,,"305202","fetch failed",
"2026/3/1 13:06:53","adjust_main_n8_mb04_2026-03-01T12-48-35-696Z.jsonl","4","7","24","True","False","generated_388e6d31-3617-47aa-9b0f-94e7df01272e_to_l5_r7_x-ai_grok-4.1-fast","5","x-ai/grok-4.1-fast","openrouter","388e6d31-3617-47aa-9b0f-94e7df01272e","generated","388e6d31-3617-47aa-9b0f-94e7df01272e.json","dfe469cb-7a6e-49c7-b08e-96580c182ed6","True","1","1","1042","6219","7261","1","72224",,
"2026/3/1 13:07:42","adjust_main_n8_mb04_2026-03-01T12-48-35-696Z.jsonl","4","8","24","True","False","generated_3a38f5cc-c812-475e-912f-eaeacafff3d0_to_l5_r8_x-ai_grok-4.1-fast","5","x-ai/grok-4.1-fast","openrouter","3a38f5cc-c812-475e-912f-eaeacafff3d0","generated","3a38f5cc-c812-475e-912f-eaeacafff3d0.json","f7327ffe-854d-4303-9792-75b66987ee03","True","1","0.9481","1525","7708","9233","1","48304",,
"2026/3/1 13:12:49","adjust_main_n8_mb04_2026-03-01T12-48-35-696Z.jsonl","4","9","24","False","True","questions_ielts_13_test1_passage1_b1idvj_to_l1_r1_openai_gpt-5-mini","1","openai/gpt-5-mini",,"ielts_13_test1_passage1_b1idvj","questions","ielts_13_test1_passage1_b1idvj.json",,,,,,,,,"306798","fetch failed",
"2026/3/1 13:15:54","adjust_main_n8_mb04_2026-03-01T12-48-35-696Z.jsonl","4","10","24","True","False","questions_ielts_13_test1_passage3_91iewj_to_l1_r2_openai_gpt-5-mini","1","openai/gpt-5-mini","openrouter","ielts_13_test1_passage3_91iewj","questions","ielts_13_test1_passage3_91iewj.json","b1f2b7cf-aa2d-4bb7-b83e-2d6af360389e","True","1","0.992","1495","15373","16868","1","185293",,
"2026/3/1 13:18:14","adjust_main_n8_mb04_2026-03-01T12-48-35-696Z.jsonl","4","11","24","True","False","questions_ielts_13_test2_passage1_21iffj_to_l1_r3_openai_gpt-5-mini","1","openai/gpt-5-mini","openrouter","ielts_13_test2_passage1_21iffj","questions","ielts_13_test2_passage1_21iffj.json","8d10baa3-65e7-4b1c-955f-d212ecf88432","True","1","0.9693","1402","10930","12332","1","139797",,
"2026/3/1 13:23:22","adjust_main_n8_mb04_2026-03-01T12-48-35-696Z.jsonl","4","12","24","False","True","questions_ielts_13_test2_passage3_61igdj_to_l1_r4_openai_gpt-5-mini","1","openai/gpt-5-mini",,"ielts_13_test2_passage3_61igdj","questions","ielts_13_test2_passage3_61igdj.json",,,,,,,,,"306987","fetch failed",
"2026/3/1 13:25:48","adjust_main_n8_mb04_2026-03-01T12-48-35-696Z.jsonl","4","13","24","True","False","questions_ielts_13_test3_passage1_41igvj_to_l1_r5_openai_gpt-5-mini","1","openai/gpt-5-mini","openrouter","ielts_13_test3_passage1_41igvj","questions","ielts_13_test3_passage1_41igvj.json","c4e0efb8-2494-405b-9fef-e6e9b3130c1a","True","1","0.9579","1406","14682","16088","1","146421",,
"2026/3/1 13:27:32","adjust_main_n8_mb04_2026-03-01T12-48-35-696Z.jsonl","4","14","24","True","False","questions_ielts_13_test4_passage1_91iiaj_to_l1_r6_openai_gpt-5-mini","1","openai/gpt-5-mini","openrouter","ielts_13_test4_passage1_91iiaj","questions","ielts_13_test4_passage1_91iiaj.json","0b5b7d48-8f51-4c4c-af58-df3a0b7114ce","True","1","0.9895","1510","9297","10807","1","102897",,
"2026/3/1 13:32:39","adjust_main_n8_mb04_2026-03-01T12-48-35-696Z.jsonl","4","15","24","False","True","questions_ielts_13_test4_passage3_21ij7j_to_l1_r7_openai_gpt-5-mini","1","openai/gpt-5-mini",,"ielts_13_test4_passage3_21ij7j","questions","ielts_13_test4_passage3_21ij7j.json",,,,,,,,,"306773","fetch failed",
"2026/3/1 13:36:35","adjust_main_n8_mb04_2026-03-01T12-48-35-696Z.jsonl","4","16","24","True","False","questions_ielts_14_test1_passage1_f277jj_to_l1_r8_openai_gpt-5-mini","1","openai/gpt-5-mini","openrouter","ielts_14_test1_passage1_f277jj","questions","ielts_14_test1_passage1_f277jj.json","deaac092-83d0-46d4-aa6f-3ef4492a58a1","True","2","0.945","2794","18247","21041","2","236538",,
"2026/3/1 13:39:24","adjust_main_n8_mb04_2026-03-01T12-48-35-696Z.jsonl","4","17","24","True","False","questions_ielts_14_test1_passage3_f278wj_to_l2_r1_openai_gpt-5-mini","2","openai/gpt-5-mini","openrouter","ielts_14_test1_passage3_f278wj","questions","ielts_14_test1_passage3_f278wj.json","eb69cda3-4f40-4123-8b38-903dbf141fe5","True","1","0.9486","1475","11704","13179","1","168506",,
"2026/3/1 13:41:22","adjust_main_n8_mb04_2026-03-01T12-48-35-696Z.jsonl","4","18","24","True","False","questions_ielts_14_test2_passage1_f279uj_to_l2_r2_openai_gpt-5-mini","2","openai/gpt-5-mini","openrouter","ielts_14_test2_passage1_f279uj","questions","ielts_14_test2_passage1_f279uj.json","457c7885-6e8c-4e26-923a-1772933a445e","True","1","0.993","1575","9452","11027","1","117278",,
"2026/3/1 13:43:04","adjust_main_n8_mb04_2026-03-01T12-48-35-696Z.jsonl","4","19","24","True","False","questions_ielts_14_test2_passage3_827asj_to_l2_r3_openai_gpt-5-mini","2","openai/gpt-5-mini","openrouter","ielts_14_test2_passage3_827asj","questions","ielts_14_test2_passage3_827asj.json","e4515454-0c31-4cae-8163-0ff1c5bfe659","True","1","0.9613","1339","7434","8773","1","101820",,
"2026/3/1 13:48:11","adjust_main_n8_mb04_2026-03-01T12-48-35-696Z.jsonl","4","20","24","False","True","questions_ielts_14_test3_passage1_927bfj_to_l2_r4_openai_gpt-5-mini","2","openai/gpt-5-mini",,"ielts_14_test3_passage1_927bfj","questions","ielts_14_test3_passage1_927bfj.json",,,,,,,,,"306980","fetch failed",
"2026/3/1 13:53:18","adjust_main_n8_mb04_2026-03-01T12-48-35-696Z.jsonl","4","21","24","False","True","questions_ielts_14_test3_passage3_527cnj_to_l2_r5_openai_gpt-5-mini","2","openai/gpt-5-mini",,"ielts_14_test3_passage3_527cnj","questions","ielts_14_test3_passage3_527cnj.json",,,,,,,,,"306830","fetch failed",
"2026/3/1 13:54:29","adjust_main_n8_mb04_2026-03-01T12-48-35-696Z.jsonl","4","22","24","True","False","questions_ielts_14_test4_passage1_c27d7j_to_l2_r6_openai_gpt-5-mini","2","openai/gpt-5-mini","openrouter","ielts_14_test4_passage1_c27d7j","questions","ielts_14_test4_passage1_c27d7j.json","8480933d-d679-4932-8b87-1c356174c030","True","1","0.975","1395","5594","6989","1","70341",,
"2026/3/1 13:56:12","adjust_main_n8_mb04_2026-03-01T12-48-35-696Z.jsonl","4","23","24","True","False","questions_ielts_14_test4_passage2_c27dnj_to_l2_r7_openai_gpt-5-mini","2","openai/gpt-5-mini","openrouter","ielts_14_test4_passage2_c27dnj","questions","ielts_14_test4_passage2_c27dnj.json","ab205cfc-b673-4ecd-aad0-9347225122eb","True","1","0.8393","1313","9244","10557","1","102842",,
"2026/3/1 13:58:59","adjust_main_n8_mb04_2026-03-01T12-48-35-696Z.jsonl","4","24","24","True","False","questions_ielts_14_test4_passage3_527e3j_to_l2_r8_openai_gpt-5-mini","2","openai/gpt-5-mini","openrouter","ielts_14_test4_passage3_527e3j","questions","ielts_14_test4_passage3_527e3j.json","38e58e1f-0ab4-42e0-aa80-b74d10598185","True","1","0.9297","1449","12254","13703","1","165973",,
"2026/3/1 12:49:57","adjust_main_n8_mb05_2026-03-01T12-48-35-696Z.jsonl","5","1","24","True","False","questions_ielts_15_test1_passage1_727epj_to_l3_r1_openai_gpt-5-mini","3","openai/gpt-5-mini","openrouter","ielts_15_test1_passage1_727epj","questions","ielts_15_test1_passage1_727epj.json","61c97286-fb5a-4a0a-9ad0-d9e18703a994","True","1","0.9936","1540","7011","8551","1","81966",,
"2026/3/1 12:50:51","adjust_main_n8_mb05_2026-03-01T12-48-35-696Z.jsonl","5","2","24","True","False","questions_ielts_15_test1_passage3_e27fnj_to_l3_r2_openai_gpt-5-mini","3","openai/gpt-5-mini","openrouter","ielts_15_test1_passage3_e27fnj","questions","ielts_15_test1_passage3_e27fnj.json","bcd2e42f-2216-42eb-a68b-45253d4b0e04","True","1","0.971","1528","3966","5494","1","53616",,
"2026/3/1 12:52:37","adjust_main_n8_mb05_2026-03-01T12-48-35-696Z.jsonl","5","3","24","True","False","questions_ielts_15_test2_passage3_827h2j_to_l3_r3_openai_gpt-5-mini","3","openai/gpt-5-mini","openrouter","ielts_15_test2_passage3_827h2j","questions","ielts_15_test2_passage3_827h2j.json","5f342c79-4813-460a-bf8e-c991dbbe2b98","True","1","0.9679","1590","9502","11092","1","105392",,
"2026/3/1 12:53:30","adjust_main_n8_mb05_2026-03-01T12-48-35-696Z.jsonl","5","4","24","True","False","questions_ielts_15_test3_passage1_e27hmj_to_l3_r4_openai_gpt-5-mini","3","openai/gpt-5-mini","openrouter","ielts_15_test3_passage1_e27hmj","questions","ielts_15_test3_passage1_e27hmj.json","291efea3-024f-4963-a5c4-7b1e2eb09d19","True","1","1","1486","5047","6533","1","52826",,
"2026/3/1 12:54:44","adjust_main_n8_mb05_2026-03-01T12-48-35-696Z.jsonl","5","5","24","True","False","questions_ielts_15_test3_passage3_b27iij_to_l3_r5_openai_gpt-5-mini","3","openai/gpt-5-mini","openrouter","ielts_15_test3_passage3_b27iij","questions","ielts_15_test3_passage3_b27iij.json","cd637be8-db4c-48a1-a096-37cf714d1001","True","1","0.9625","1575","5881","7456","1","73366",,
"2026/3/1 12:59:50","adjust_main_n8_mb05_2026-03-01T12-48-35-696Z.jsonl","5","6","24","False","True","questions_ielts_15_test4_passage1_327j0j_to_l3_r6_openai_gpt-5-mini","3","openai/gpt-5-mini",,"ielts_15_test4_passage1_327j0j","questions","ielts_15_test4_passage1_327j0j.json",,,,,,,,,"305601","fetch failed",
"2026/3/1 13:01:54","adjust_main_n8_mb05_2026-03-01T12-48-35-696Z.jsonl","5","7","24","True","False","questions_ielts_15_test4_passage2_027jhj_to_l3_r7_openai_gpt-5-mini","3","openai/gpt-5-mini","openrouter","ielts_15_test4_passage2_027jhj","questions","ielts_15_test4_passage2_027jhj.json","08feec83-3f1f-4eb0-a49b-a2b3f062fa75","True","1","0.982","1434","9774","11208","1","123879",,
"2026/3/1 13:03:56","adjust_main_n8_mb05_2026-03-01T12-48-35-696Z.jsonl","5","8","24","True","False","questions_ielts_15_test4_passage3_027jxj_to_l3_r8_openai_gpt-5-mini","3","openai/gpt-5-mini","openrouter","ielts_15_test4_passage3_027jxj","questions","ielts_15_test4_passage3_027jxj.json","670a2bcd-a587-4669-86f3-a0ddb5d93491","True","1","0.94","1309","9091","10400","1","122282",,
"2026/3/1 13:09:03","adjust_main_n8_mb05_2026-03-01T12-48-35-696Z.jsonl","5","9","24","False","True","questions_ielts_16_test1_passage1_827khj_to_l4_r1_openai_gpt-5-mini","4","openai/gpt-5-mini",,"ielts_16_test1_passage1_827khj","questions","ielts_16_test1_passage1_827khj.json",,,,,,,,,"306534","fetch failed",
"2026/3/1 13:10:31","adjust_main_n8_mb05_2026-03-01T12-48-35-696Z.jsonl","5","10","24","True","False","questions_ielts_16_test1_passage3_c27ldj_to_l4_r2_openai_gpt-5-mini","4","openai/gpt-5-mini","openrouter","ielts_16_test1_passage3_c27ldj","questions","ielts_16_test1_passage3_c27ldj.json","90fbb1d5-e18c-4fc1-b210-3ea78d75de8d","True","1","0.9565","1468","6639","8107","1","87132",,
"2026/3/1 13:12:48","adjust_main_n8_mb05_2026-03-01T12-48-35-696Z.jsonl","5","11","24","True","False","questions_ielts_16_test2_passage1_927lvj_to_l4_r3_openai_gpt-5-mini","4","openai/gpt-5-mini","openrouter","ielts_16_test2_passage1_927lvj","questions","ielts_16_test2_passage1_927lvj.json","5203f3ae-e78b-445b-b024-381ea6a2dd25","True","1","1","1680","11877","13557","1","137553",,
"2026/3/1 13:14:38","adjust_main_n8_mb05_2026-03-01T12-48-35-696Z.jsonl","5","12","24","True","False","questions_ielts_16_test2_passage2_a27mbj_to_l4_r4_openai_gpt-5-mini","4","openai/gpt-5-mini","openrouter","ielts_16_test2_passage2_a27mbj","questions","ielts_16_test2_passage2_a27mbj.json","ac047722-6f5c-4589-aee4-e5a04696e9ff","True","1","0.9471","1571","8839","10410","1","108762",,
"2026/3/1 13:16:34","adjust_main_n8_mb05_2026-03-01T12-48-35-696Z.jsonl","5","13","24","True","False","questions_ielts_16_test2_passage3_027mtj_to_l4_r5_openai_gpt-5-mini","4","openai/gpt-5-mini","openrouter","ielts_16_test2_passage3_027mtj","questions","ielts_16_test2_passage3_027mtj.json","4b7e0eeb-dd84-4e5c-a2b3-aecdb2ca3ddd","True","1","0.9186","1367","10496","11863","1","116534",,
"2026/3/1 13:19:35","adjust_main_n8_mb05_2026-03-01T12-48-35-696Z.jsonl","5","14","24","True","False","questions_ielts_16_test3_passage1_827nbj_to_l4_r6_openai_gpt-5-mini","4","openai/gpt-5-mini","openrouter","ielts_16_test3_passage1_827nbj","questions","ielts_16_test3_passage1_827nbj.json","a447e51e-ec2e-40e4-bc8b-064391910fdc","True","1","0.9089","1472","14793","16265","1","180256",,
"2026/3/1 13:20:20","adjust_main_n8_mb05_2026-03-01T12-48-35-696Z.jsonl","5","15","24","True","False","questions_ielts_16_test3_passage3_227o8j_to_l4_r7_openai_gpt-5-mini","4","openai/gpt-5-mini","openrouter","ielts_16_test3_passage3_227o8j","questions","ielts_16_test3_passage3_227o8j.json","a7337dff-c984-4f95-bf5c-ebca72ad7e19","True","1","0.9534","1463","3970","5433","1","44471",,
"2026/3/1 13:22:37","adjust_main_n8_mb05_2026-03-01T12-48-35-696Z.jsonl","5","16","24","True","False","questions_ielts_16_test4_passage1_d27oqj_to_l4_r8_openai_gpt-5-mini","4","openai/gpt-5-mini","openrouter","ielts_16_test4_passage1_d27oqj","questions","ielts_16_test4_passage1_d27oqj.json","8e156ccb-f29e-4ba9-a4a8-eb1c0a398d19","True","1","1","1561","11199","12760","1","136730",,
"2026/3/1 13:24:55","adjust_main_n8_mb05_2026-03-01T12-48-35-696Z.jsonl","5","17","24","True","False","questions_ielts_16_test4_passage2_027p7j_to_l5_r1_openai_gpt-5-mini","5","openai/gpt-5-mini","openrouter","ielts_16_test4_passage2_027p7j","questions","ielts_16_test4_passage2_027p7j.json","9a5e6be9-678e-4433-bb59-43915622282e","True","1","1","1571","10372","11943","1","138104",,
"2026/3/1 13:28:00","adjust_main_n8_mb05_2026-03-01T12-48-35-696Z.jsonl","5","18","24","True","False","questions_ielts_16_test4_passage3_c27puj_to_l5_r2_openai_gpt-5-mini","5","openai/gpt-5-mini","openrouter","ielts_16_test4_passage3_c27puj","questions","ielts_16_test4_passage3_c27puj.json","9c68a9d7-b62b-4c36-9533-4429845ab3f6","True","1","0.8724","1425","15722","17147","1","184376",,
"2026/3/1 13:31:45","adjust_main_n8_mb05_2026-03-01T12-48-35-696Z.jsonl","5","19","24","True","False","questions_ielts_17_test1_passage1_c27quj_to_l5_r3_openai_gpt-5-mini","5","openai/gpt-5-mini","openrouter","ielts_17_test1_passage1_c27quj","questions","ielts_17_test1_passage1_c27quj.json","4bfd4d03-7b9a-4e40-805d-fc6b1ef45ada","True","1","0.9471","1503","16378","17881","1","224414",,
"2026/3/1 13:34:35","adjust_main_n8_mb05_2026-03-01T12-48-35-696Z.jsonl","5","20","24","True","False","questions_ielts_17_test1_passage3_d27rrj_to_l5_r4_openai_gpt-5-mini","5","openai/gpt-5-mini","openrouter","ielts_17_test1_passage3_d27rrj","questions","ielts_17_test1_passage3_d27rrj.json","6c08683c-3669-47a6-974d-60d46d3d84f6","True","1","1","1648","12483","14131","1","169778",,
"2026/3/1 13:36:58","adjust_main_n8_mb05_2026-03-01T12-48-35-696Z.jsonl","5","21","24","True","False","questions_ielts_17_test2_passage1_627s9j_to_l5_r5_openai_gpt-5-mini","5","openai/gpt-5-mini","openrouter","ielts_17_test2_passage1_627s9j","questions","ielts_17_test2_passage1_627s9j.json","cdb991ed-2069-46b3-b584-072ea96cb6a7","True","1","0.9684","1380","11203","12583","1","142551",,
"2026/3/1 13:42:05","adjust_main_n8_mb05_2026-03-01T12-48-35-696Z.jsonl","5","22","24","False","True","questions_ielts_17_test2_passage3_627t7j_to_l5_r6_openai_gpt-5-mini","5","openai/gpt-5-mini",,"ielts_17_test2_passage3_627t7j","questions","ielts_17_test2_passage3_627t7j.json",,,,,,,,,"307180","fetch failed",
"2026/3/1 13:44:14","adjust_main_n8_mb05_2026-03-01T12-48-35-696Z.jsonl","5","23","24","True","False","questions_ielts_17_test3_passage1_c27tpj_to_l5_r7_openai_gpt-5-mini","5","openai/gpt-5-mini","openrouter","ielts_17_test3_passage1_c27tpj","questions","ielts_17_test3_passage1_c27tpj.json","cec0f69e-1a34-4738-b398-ae9f6e8a2da9","True","1","0.9543","1479","11612","13091","1","128975",,
"2026/3/1 13:49:22","adjust_main_n8_mb05_2026-03-01T12-48-35-696Z.jsonl","5","24","24","False","True","questions_ielts_17_test3_passage3_f27umj_to_l5_r8_openai_gpt-5-mini","5","openai/gpt-5-mini",,"ielts_17_test3_passage3_f27umj","questions","ielts_17_test3_passage3_f27umj.json",,,,,,,,,"307134","fetch failed",
"2026/3/1 12:53:43","adjust_main_n8_mb06_2026-03-01T12-48-35-696Z.jsonl","6","1","24","False","True","generated_0350be07-6c09-40f8-a55b-a43f7fb8faab_to_l1_r1_openai_gpt-5-mini","1","openai/gpt-5-mini",,"0350be07-6c09-40f8-a55b-a43f7fb8faab","generated","0350be07-6c09-40f8-a55b-a43f7fb8faab.json",,,,,,,,,"307590","fetch failed",
"2026/3/1 12:54:41","adjust_main_n8_mb06_2026-03-01T12-48-35-696Z.jsonl","6","2","24","True","False","generated_039cb4b4-1508-481e-abd4-522e76f3ccf3_to_l1_r2_openai_gpt-5-mini","1","openai/gpt-5-mini","openrouter","039cb4b4-1508-481e-abd4-522e76f3ccf3","generated","039cb4b4-1508-481e-abd4-522e76f3ccf3.json","4388d935-05d3-4791-8235-734e21584e84","True","1","1","1136","4754","5890","1","58198",,
"2026/3/1 12:59:47","adjust_main_n8_mb06_2026-03-01T12-48-35-696Z.jsonl","6","3","24","False","True","generated_09edb394-a0f6-4424-a226-f4deeb51e99f_to_l1_r3_openai_gpt-5-mini","1","openai/gpt-5-mini",,"09edb394-a0f6-4424-a226-f4deeb51e99f","generated","09edb394-a0f6-4424-a226-f4deeb51e99f.json",,,,,,,,,"305881","fetch failed",
"2026/3/1 13:04:53","adjust_main_n8_mb06_2026-03-01T12-48-35-696Z.jsonl","6","4","24","False","True","generated_0abb6f8a-2252-4304-a020-1cdf392abadd_to_l1_r4_openai_gpt-5-mini","1","openai/gpt-5-mini",,"0abb6f8a-2252-4304-a020-1cdf392abadd","generated","0abb6f8a-2252-4304-a020-1cdf392abadd.json",,,,,,,,,"304716","fetch failed",
"2026/3/1 13:10:00","adjust_main_n8_mb06_2026-03-01T12-48-35-696Z.jsonl","6","5","24","False","True","generated_0ae1cae6-1308-47f1-b1d7-c27541b36b95_to_l1_r5_openai_gpt-5-mini","1","openai/gpt-5-mini",,"0ae1cae6-1308-47f1-b1d7-c27541b36b95","generated","0ae1cae6-1308-47f1-b1d7-c27541b36b95.json",,,,,,,,,"307023","fetch failed",
"2026/3/1 13:15:07","adjust_main_n8_mb06_2026-03-01T12-48-35-696Z.jsonl","6","6","24","False","True","generated_0bef376f-b893-43d1-820d-00fba9ab6838_to_l1_r6_openai_gpt-5-mini","1","openai/gpt-5-mini",,"0bef376f-b893-43d1-820d-00fba9ab6838","generated","0bef376f-b893-43d1-820d-00fba9ab6838.json",,,,,,,,,"306696","fetch failed",
"2026/3/1 13:20:14","adjust_main_n8_mb06_2026-03-01T12-48-35-696Z.jsonl","6","7","24","False","True","generated_0c073ba2-1279-4572-a200-bd170c99d332_to_l1_r7_openai_gpt-5-mini","1","openai/gpt-5-mini",,"0c073ba2-1279-4572-a200-bd170c99d332","generated","0c073ba2-1279-4572-a200-bd170c99d332.json",,,,,,,,,"306756","fetch failed",
"2026/3/1 13:21:47","adjust_main_n8_mb06_2026-03-01T12-48-35-696Z.jsonl","6","8","24","True","False","generated_0c413512-f7ee-4e64-b5f2-e35d46dc7ad7_to_l1_r8_openai_gpt-5-mini","1","openai/gpt-5-mini","openrouter","0c413512-f7ee-4e64-b5f2-e35d46dc7ad7","generated","0c413512-f7ee-4e64-b5f2-e35d46dc7ad7.json","f556f3b8-d1b4-425c-90c3-d800c18ca8c9","True","1","0.9908","1137","7546","8683","1","93151",,
"2026/3/1 13:23:05","adjust_main_n8_mb06_2026-03-01T12-48-35-696Z.jsonl","6","9","24","True","False","generated_0c812562-e605-4eec-9b15-fa0701517dd0_to_l2_r1_openai_gpt-5-mini","2","openai/gpt-5-mini","openrouter","0c812562-e605-4eec-9b15-fa0701517dd0","generated","0c812562-e605-4eec-9b15-fa0701517dd0.json","20f0bc89-c29b-45d4-bf5f-292585fcf276","True","1","0.9786","847","7164","8011","1","77492",,
"2026/3/1 13:25:38","adjust_main_n8_mb06_2026-03-01T12-48-35-696Z.jsonl","6","10","24","True","False","generated_0c8587eb-b6e0-484b-8c70-807e3266c714_to_l2_r2_openai_gpt-5-mini","2","openai/gpt-5-mini","openrouter","0c8587eb-b6e0-484b-8c70-807e3266c714","generated","0c8587eb-b6e0-484b-8c70-807e3266c714.json","87f837cc-f218-48ea-a59d-a51e2357e5e5","True","1","0.9087","1241","12374","13615","1","152170",,
"2026/3/1 13:28:06","adjust_main_n8_mb06_2026-03-01T12-48-35-696Z.jsonl","6","11","24","True","False","generated_0e4b88a4-1242-4606-888a-6c1f1b7f7804_to_l2_r3_openai_gpt-5-mini","2","openai/gpt-5-mini","openrouter","0e4b88a4-1242-4606-888a-6c1f1b7f7804","generated","0e4b88a4-1242-4606-888a-6c1f1b7f7804.json","2ca315d4-9052-4b67-8d00-10eed8a3f25d","True","2","0.8857","1505","12077","13582","2","147959",,
"2026/3/1 13:33:13","adjust_main_n8_mb06_2026-03-01T12-48-35-696Z.jsonl","6","12","24","False","True","generated_0f1efd6f-a3bd-4915-bd74-9a73aa50720b_to_l2_r4_openai_gpt-5-mini","2","openai/gpt-5-mini",,"0f1efd6f-a3bd-4915-bd74-9a73aa50720b","generated","0f1efd6f-a3bd-4915-bd74-9a73aa50720b.json",,,,,,,,,"306627","fetch failed",
"2026/3/1 13:34:16","adjust_main_n8_mb06_2026-03-01T12-48-35-696Z.jsonl","6","13","24","True","False","generated_11a0826e-5a87-4e50-b071-49d4d7daa336_to_l2_r5_openai_gpt-5-mini","2","openai/gpt-5-mini","openrouter","11a0826e-5a87-4e50-b071-49d4d7daa336","generated","11a0826e-5a87-4e50-b071-49d4d7daa336.json","acf90a7a-16a7-4739-8859-7ed54e11428c","True","1","1","828","5175","6003","1","62555",,
"2026/3/1 13:38:36","adjust_main_n8_mb06_2026-03-01T12-48-35-696Z.jsonl","6","14","24","True","False","generated_124bd8f6-90f3-4fa5-9ed1-72ce929b791f_to_l2_r6_openai_gpt-5-mini","2","openai/gpt-5-mini","openrouter","124bd8f6-90f3-4fa5-9ed1-72ce929b791f","generated","124bd8f6-90f3-4fa5-9ed1-72ce929b791f.json","4862d3af-6eb4-4455-be90-74e496102609","True","2","0.9584","1988","19468","21456","2","259895",,
"2026/3/1 13:41:44","adjust_main_n8_mb06_2026-03-01T12-48-35-696Z.jsonl","6","15","24","True","False","generated_14437b00-2ac3-40e2-a14b-1112e936a901_to_l2_r7_openai_gpt-5-mini","2","openai/gpt-5-mini","openrouter","14437b00-2ac3-40e2-a14b-1112e936a901","generated","14437b00-2ac3-40e2-a14b-1112e936a901.json","51336b33-8d14-4bd1-9ef4-abb043b72541","True","2","0.9096","1512","14313","15825","2","187404",,
"2026/3/1 13:43:36","adjust_main_n8_mb06_2026-03-01T12-48-35-696Z.jsonl","6","16","24","True","False","generated_1679e35f-e594-4859-a7ba-551d81fc8369_to_l2_r8_openai_gpt-5-mini","2","openai/gpt-5-mini","openrouter","1679e35f-e594-4859-a7ba-551d81fc8369","generated","1679e35f-e594-4859-a7ba-551d81fc8369.json","24dc3857-89f4-4e24-be57-d5efd2ff6e62","True","1","0.8743","770","8247","9017","1","111948",,
"2026/3/1 13:46:27","adjust_main_n8_mb06_2026-03-01T12-48-35-696Z.jsonl","6","17","24","True","False","generated_18e3546e-a14a-4655-a5b1-e4ea21ec633e_to_l3_r1_openai_gpt-5-mini","3","openai/gpt-5-mini","openrouter","18e3546e-a14a-4655-a5b1-e4ea21ec633e","generated","18e3546e-a14a-4655-a5b1-e4ea21ec633e.json","0750459e-a6fb-4d8d-8b49-d0616dbdd3a6","True","1","0.9181","1010","12368","13378","1","170549",,
"2026/3/1 13:50:11","adjust_main_n8_mb06_2026-03-01T12-48-35-696Z.jsonl","6","18","24","True","False","generated_1935319b-6d42-4309-99eb-fdf7003928ae_to_l3_r2_openai_gpt-5-mini","3","openai/gpt-5-mini","openrouter","1935319b-6d42-4309-99eb-fdf7003928ae","generated","1935319b-6d42-4309-99eb-fdf7003928ae.json","31b6dfcd-fe2d-4b8a-bd6e-ca7eef7624b1","True","2","0.99","1640","16654","18294","2","223637",,
"2026/3/1 13:51:40","adjust_main_n8_mb06_2026-03-01T12-48-35-696Z.jsonl","6","19","24","True","False","generated_1aa948e6-8ed3-4f58-9bf3-6c597cef030b_to_l3_r3_openai_gpt-5-mini","3","openai/gpt-5-mini","openrouter","1aa948e6-8ed3-4f58-9bf3-6c597cef030b","generated","1aa948e6-8ed3-4f58-9bf3-6c597cef030b.json","2a9a85d6-c704-441a-8442-925a4a49da76","True","1","0.7971","876","7102","7978","1","89233",,
"2026/3/1 13:56:47","adjust_main_n8_mb06_2026-03-01T12-48-35-696Z.jsonl","6","20","24","False","True","generated_1d07bc5b-d510-4384-8583-aad7baff6773_to_l3_r4_openai_gpt-5-mini","3","openai/gpt-5-mini",,"1d07bc5b-d510-4384-8583-aad7baff6773","generated","1d07bc5b-d510-4384-8583-aad7baff6773.json",,,,,,,,,"306866","fetch failed",
"2026/3/1 13:59:03","adjust_main_n8_mb06_2026-03-01T12-48-35-696Z.jsonl","6","21","24","True","False","generated_1eff4d7a-8ebe-4111-8851-32b0a55876be_to_l3_r5_openai_gpt-5-mini","3","openai/gpt-5-mini","openrouter","1eff4d7a-8ebe-4111-8851-32b0a55876be","generated","1eff4d7a-8ebe-4111-8851-32b0a55876be.json","a1ebca19-d840-4f41-8c20-6092e65c793d","True","1","0.89","1040","11090","12130","1","135308",,
"2026/3/1 14:01:35","adjust_main_n8_mb06_2026-03-01T12-48-35-696Z.jsonl","6","22","24","True","False","generated_1fff278e-2ec5-4c58-86b2-9ca8f453367b_to_l3_r6_openai_gpt-5-mini","3","openai/gpt-5-mini","openrouter","1fff278e-2ec5-4c58-86b2-9ca8f453367b","generated","1fff278e-2ec5-4c58-86b2-9ca8f453367b.json","3b60da70-856b-46cd-9bd1-219bf90e480e","True","1","0.8577","1395","11767","13162","1","151546",,
"2026/3/1 14:06:42","adjust_main_n8_mb06_2026-03-01T12-48-35-696Z.jsonl","6","23","24","False","True","generated_203ae205-3a4d-4dcc-aab2-69ad42372bc5_to_l3_r7_openai_gpt-5-mini","3","openai/gpt-5-mini",,"203ae205-3a4d-4dcc-aab2-69ad42372bc5","generated","203ae205-3a4d-4dcc-aab2-69ad42372bc5.json",,,,,,,,,"306716","fetch failed",
"2026/3/1 14:11:49","adjust_main_n8_mb06_2026-03-01T12-48-35-696Z.jsonl","6","24","24","False","True","generated_23e68211-0ca0-4ca3-bbd5-c133ca9884b9_to_l3_r8_openai_gpt-5-mini","3","openai/gpt-5-mini",,"23e68211-0ca0-4ca3-bbd5-c133ca9884b9","generated","23e68211-0ca0-4ca3-bbd5-c133ca9884b9.json",,,,,,,,,"307220","fetch failed",
"2026/3/1 12:49:54","adjust_main_n8_mb07_2026-03-01T12-48-35-697Z.jsonl","7","1","24","True","False","generated_24e797b0-643b-4ab7-acc1-92a2fd3bcfff_to_l4_r1_openai_gpt-5-mini","4","openai/gpt-5-mini","openrouter","24e797b0-643b-4ab7-acc1-92a2fd3bcfff","generated","24e797b0-643b-4ab7-acc1-92a2fd3bcfff.json","29bc1ea6-0c5c-42a3-88ee-6b43a5662d15","True","1","0.7962","905","6804","7709","1","79156",,
"2026/3/1 12:51:44","adjust_main_n8_mb07_2026-03-01T12-48-35-697Z.jsonl","7","2","24","True","False","generated_2593d2ce-cc8e-4356-979d-990202935fd8_to_l4_r2_openai_gpt-5-mini","4","openai/gpt-5-mini","openrouter","2593d2ce-cc8e-4356-979d-990202935fd8","generated","2593d2ce-cc8e-4356-979d-990202935fd8.json","20bec2c8-d317-4d3b-9444-579febdeb319","True","1","0.83","678","9684","10362","1","109401",,
"2026/3/1 12:53:57","adjust_main_n8_mb07_2026-03-01T12-48-35-697Z.jsonl","7","3","24","True","False","generated_26e90809-9715-4fc0-b0db-4f5d828a8422_to_l4_r3_openai_gpt-5-mini","4","openai/gpt-5-mini","openrouter","26e90809-9715-4fc0-b0db-4f5d828a8422","generated","26e90809-9715-4fc0-b0db-4f5d828a8422.json","0cfa2e37-2adc-46eb-865b-3fb236a4197a","True","1","0.905","876","11063","11939","1","132537",,
"2026/3/1 12:58:39","adjust_main_n8_mb07_2026-03-01T12-48-35-697Z.jsonl","7","4","24","True","False","generated_27257511-4248-4cb3-88f7-c1bc2f51ffb5_to_l4_r4_openai_gpt-5-mini","4","openai/gpt-5-mini","openrouter","27257511-4248-4cb3-88f7-c1bc2f51ffb5","generated","27257511-4248-4cb3-88f7-c1bc2f51ffb5.json","9bdc3207-25fb-4a84-b8b4-00bfdf72d7c7","True","2","0.87","2474","22626","25100","2","282235",,
"2026/3/1 13:01:13","adjust_main_n8_mb07_2026-03-01T12-48-35-697Z.jsonl","7","5","24","True","False","generated_2a1d9b0b-8b9f-45bc-b2ca-fbcc4d874bc5_to_l4_r5_openai_gpt-5-mini","4","openai/gpt-5-mini","openrouter","2a1d9b0b-8b9f-45bc-b2ca-fbcc4d874bc5","generated","2a1d9b0b-8b9f-45bc-b2ca-fbcc4d874bc5.json","19bb0773-93c3-4bd4-bccf-9a675f55f115","True","2","1","1701","12833","14534","2","153126",,
"2026/3/1 13:05:19","adjust_main_n8_mb07_2026-03-01T12-48-35-697Z.jsonl","7","6","24","True","False","generated_2cd8144f-fd45-48ef-9011-c6f4e751a89f_to_l4_r6_openai_gpt-5-mini","4","openai/gpt-5-mini","openrouter","2cd8144f-fd45-48ef-9011-c6f4e751a89f","generated","2cd8144f-fd45-48ef-9011-c6f4e751a89f.json","5bf88d5d-3e2b-4720-bdec-c73c3aecec20","True","2","0.7609","2235","18205","20440","2","245993",,
"2026/3/1 13:07:09","adjust_main_n8_mb07_2026-03-01T12-48-35-697Z.jsonl","7","7","24","True","False","generated_2d1748ce-785b-4aef-9110-620163cc46ce_to_l4_r7_openai_gpt-5-mini","4","openai/gpt-5-mini","openrouter","2d1748ce-785b-4aef-9110-620163cc46ce","generated","2d1748ce-785b-4aef-9110-620163cc46ce.json","0da15926-2bfa-4365-9631-643fc57a0fa8","True","1","0.775","1057","9889","10946","1","109914",,
"2026/3/1 13:09:49","adjust_main_n8_mb07_2026-03-01T12-48-35-697Z.jsonl","7","8","24","True","False","generated_2f6c2454-faf6-4af1-86f6-e93e93d6181a_to_l4_r8_openai_gpt-5-mini","4","openai/gpt-5-mini","openrouter","2f6c2454-faf6-4af1-86f6-e93e93d6181a","generated","2f6c2454-faf6-4af1-86f6-e93e93d6181a.json","011243d7-94da-420c-bed7-e5860cb1ecbe","True","1","0.9493","1006","12616","13622","1","158984",,
"2026/3/1 13:11:00","adjust_main_n8_mb07_2026-03-01T12-48-35-697Z.jsonl","7","9","24","True","False","generated_32643a93-325e-4493-8cd6-bfe2b3e65c1b_to_l5_r1_openai_gpt-5-mini","5","openai/gpt-5-mini","openrouter","32643a93-325e-4493-8cd6-bfe2b3e65c1b","generated","32643a93-325e-4493-8cd6-bfe2b3e65c1b.json","fe05771d-5e83-4724-b82a-a379c15bdd24","True","1","1","1111","5597","6708","1","70677",,
"2026/3/1 13:11:46","adjust_main_n8_mb07_2026-03-01T12-48-35-697Z.jsonl","7","10","24","True","False","generated_32d83859-e1a7-45f6-8295-7e6df0e27fd2_to_l5_r2_openai_gpt-5-mini","5","openai/gpt-5-mini","openrouter","32d83859-e1a7-45f6-8295-7e6df0e27fd2","generated","32d83859-e1a7-45f6-8295-7e6df0e27fd2.json","8f8f8fea-7b38-4fa1-8ee5-9bfbff4088e7","True","1","0.9625","800","3251","4051","1","45949",,
"2026/3/1 13:12:36","adjust_main_n8_mb07_2026-03-01T12-48-35-697Z.jsonl","7","11","24","True","False","generated_3481ef0a-beb7-4eb2-9ac3-b8da0f4f3afd_to_l5_r3_openai_gpt-5-mini","5","openai/gpt-5-mini","openrouter","3481ef0a-beb7-4eb2-9ac3-b8da0f4f3afd","generated","3481ef0a-beb7-4eb2-9ac3-b8da0f4f3afd.json","57379952-1fb8-4fae-a0fc-94489490e9dc","True","1","0.9743","1169","4491","5660","1","49814",,
"2026/3/1 13:17:43","adjust_main_n8_mb07_2026-03-01T12-48-35-697Z.jsonl","7","12","24","False","True","generated_35befef3-7876-4a93-a39e-9b2c271bc8f9_to_l5_r4_openai_gpt-5-mini","5","openai/gpt-5-mini",,"35befef3-7876-4a93-a39e-9b2c271bc8f9","generated","35befef3-7876-4a93-a39e-9b2c271bc8f9.json",,,,,,,,,"307037","fetch failed",
"2026/3/1 13:20:10","adjust_main_n8_mb07_2026-03-01T12-48-35-697Z.jsonl","7","13","24","True","False","generated_379ed5d3-997f-49b8-a1ee-43bec1e73b4f_to_l5_r5_openai_gpt-5-mini","5","openai/gpt-5-mini","openrouter","379ed5d3-997f-49b8-a1ee-43bec1e73b4f","generated","379ed5d3-997f-49b8-a1ee-43bec1e73b4f.json","8f4b56a7-273c-47a5-9087-58e65e951f60","True","1","0.9527","1182","10369","11551","1","146315",,
"2026/3/1 13:22:12","adjust_main_n8_mb07_2026-03-01T12-48-35-697Z.jsonl","7","14","24","True","False","generated_37fadc6b-1e87-440c-b8b3-aec0905e222a_to_l5_r6_openai_gpt-5-mini","5","openai/gpt-5-mini","openrouter","37fadc6b-1e87-440c-b8b3-aec0905e222a","generated","37fadc6b-1e87-440c-b8b3-aec0905e222a.json","4ff2ce51-e2b8-46a3-8dd7-2662beea8161","True","1","0.9257","1183","10233","11416","1","122028",,
"2026/3/1 13:23:33","adjust_main_n8_mb07_2026-03-01T12-48-35-697Z.jsonl","7","15","24","True","False","generated_388e6d31-3617-47aa-9b0f-94e7df01272e_to_l5_r7_openai_gpt-5-mini","5","openai/gpt-5-mini","openrouter","388e6d31-3617-47aa-9b0f-94e7df01272e","generated","388e6d31-3617-47aa-9b0f-94e7df01272e.json","acf03f4e-fe28-4bf5-b31c-44fb454fe03e","True","1","1","822","6718","7540","1","80091",,
"2026/3/1 13:25:21","adjust_main_n8_mb07_2026-03-01T12-48-35-697Z.jsonl","7","16","24","True","False","generated_3a38f5cc-c812-475e-912f-eaeacafff3d0_to_l5_r8_openai_gpt-5-mini","5","openai/gpt-5-mini","openrouter","3a38f5cc-c812-475e-912f-eaeacafff3d0","generated","3a38f5cc-c812-475e-912f-eaeacafff3d0.json","fd90d4d1-0911-4a65-acbf-a88692264e66","True","1","0.9281","1412","10334","11746","1","108046",,
"2026/3/1 13:25:25","adjust_main_n8_mb07_2026-03-01T12-48-35-697Z.jsonl","7","17","24","True","False","questions_ielts_13_test1_passage1_b1idvj_to_l1_r1_google_gemini-3-flash-preview","1","google/gemini-3-flash-preview","openrouter","ielts_13_test1_passage1_b1idvj","questions","ielts_13_test1_passage1_b1idvj.json","00d8782b-20f0-4135-bebd-15b50b2989e4","False","5","1","0","0","0","0","3109",,
"2026/3/1 13:25:29","adjust_main_n8_mb07_2026-03-01T12-48-35-697Z.jsonl","7","18","24","True","False","questions_ielts_13_test1_passage3_91iewj_to_l1_r2_google_gemini-3-flash-preview","1","google/gemini-3-flash-preview","openrouter","ielts_13_test1_passage3_91iewj","questions","ielts_13_test1_passage3_91iewj.json","0cb36d95-9abc-43e9-b9e4-3ddd687543d6","False","5","1","0","0","0","0","4337",,
"2026/3/1 13:25:35","adjust_main_n8_mb07_2026-03-01T12-48-35-697Z.jsonl","7","19","24","True","False","questions_ielts_13_test2_passage1_21iffj_to_l1_r3_google_gemini-3-flash-preview","1","google/gemini-3-flash-preview","openrouter","ielts_13_test2_passage1_21iffj","questions","ielts_13_test2_passage1_21iffj.json","462f04fe-f722-4572-93f5-bf793fa3c5b7","False","5","1","0","0","0","0","5169",,
"2026/3/1 13:25:40","adjust_main_n8_mb07_2026-03-01T12-48-35-697Z.jsonl","7","20","24","True","False","questions_ielts_13_test2_passage3_61igdj_to_l1_r4_google_gemini-3-flash-preview","1","google/gemini-3-flash-preview","openrouter","ielts_13_test2_passage3_61igdj","questions","ielts_13_test2_passage3_61igdj.json","c1a60126-a026-4ef3-91b3-c78f37898f03","False","5","0.9812","0","0","0","0","4663",,
"2026/3/1 13:25:45","adjust_main_n8_mb07_2026-03-01T12-48-35-697Z.jsonl","7","21","24","True","False","questions_ielts_13_test3_passage1_41igvj_to_l1_r5_google_gemini-3-flash-preview","1","google/gemini-3-flash-preview","openrouter","ielts_13_test3_passage1_41igvj","questions","ielts_13_test3_passage1_41igvj.json","8e697a76-09e5-4af0-8ccf-5670171b2a29","False","5","0.9893","0","0","0","0","4952",,
"2026/3/1 13:25:48","adjust_main_n8_mb07_2026-03-01T12-48-35-697Z.jsonl","7","22","24","True","False","questions_ielts_13_test4_passage1_91iiaj_to_l1_r6_google_gemini-3-flash-preview","1","google/gemini-3-flash-preview","openrouter","ielts_13_test4_passage1_91iiaj","questions","ielts_13_test4_passage1_91iiaj.json","32954402-46ee-4036-90f2-75a67dfbad17","False","5","0.9895","0","0","0","0","3091",,
"2026/3/1 13:25:52","adjust_main_n8_mb07_2026-03-01T12-48-35-697Z.jsonl","7","23","24","True","False","questions_ielts_13_test4_passage3_21ij7j_to_l1_r7_google_gemini-3-flash-preview","1","google/gemini-3-flash-preview","openrouter","ielts_13_test4_passage3_21ij7j","questions","ielts_13_test4_passage3_21ij7j.json","b7b519f0-661a-454b-81f6-b3a99320f318","False","5","1","0","0","0","0","3251",,
"2026/3/1 13:25:55","adjust_main_n8_mb07_2026-03-01T12-48-35-697Z.jsonl","7","24","24","True","False","questions_ielts_14_test1_passage1_f277jj_to_l1_r8_google_gemini-3-flash-preview","1","google/gemini-3-flash-preview","openrouter","ielts_14_test1_passage1_f277jj","questions","ielts_14_test1_passage1_f277jj.json","edbb8999-b61e-4678-86cf-07e281355a6e","False","5","0.9663","0","0","0","0","3137",,
"2026/3/1 12:48:40","adjust_main_n8_mb08_2026-03-01T12-48-35-697Z.jsonl","8","1","24","True","False","questions_ielts_14_test1_passage3_f278wj_to_l2_r1_google_gemini-3-flash-preview","2","google/gemini-3-flash-preview","openrouter","ielts_14_test1_passage3_f278wj","questions","ielts_14_test1_passage3_f278wj.json","a895c862-f7ad-4436-ae80-218154a361a9","False","5","1","0","0","0","0","4541",,
"2026/3/1 12:48:44","adjust_main_n8_mb08_2026-03-01T12-48-35-697Z.jsonl","8","2","24","True","False","questions_ielts_14_test2_passage1_f279uj_to_l2_r2_google_gemini-3-flash-preview","2","google/gemini-3-flash-preview","openrouter","ielts_14_test2_passage1_f279uj","questions","ielts_14_test2_passage1_f279uj.json","38d031bc-f5b3-49de-86ec-86eba9bbde7e","False","5","1","0","0","0","0","4395",,
"2026/3/1 12:48:48","adjust_main_n8_mb08_2026-03-01T12-48-35-697Z.jsonl","8","3","24","True","False","questions_ielts_14_test2_passage3_827asj_to_l2_r3_google_gemini-3-flash-preview","2","google/gemini-3-flash-preview","openrouter","ielts_14_test2_passage3_827asj","questions","ielts_14_test2_passage3_827asj.json","a84d3cd8-7752-4513-a3dc-90a2fe4760f0","False","5","1","0","0","0","0","2997",,
"2026/3/1 12:48:53","adjust_main_n8_mb08_2026-03-01T12-48-35-697Z.jsonl","8","4","24","True","False","questions_ielts_14_test3_passage1_927bfj_to_l2_r4_google_gemini-3-flash-preview","2","google/gemini-3-flash-preview","openrouter","ielts_14_test3_passage1_927bfj","questions","ielts_14_test3_passage1_927bfj.json","077dc7e5-52c1-4c0f-a354-c84c48ab28ae","False","5","0.9871","0","0","0","0","4558",,
"2026/3/1 12:48:56","adjust_main_n8_mb08_2026-03-01T12-48-35-697Z.jsonl","8","5","24","True","False","questions_ielts_14_test3_passage3_527cnj_to_l2_r5_google_gemini-3-flash-preview","2","google/gemini-3-flash-preview","openrouter","ielts_14_test3_passage3_527cnj","questions","ielts_14_test3_passage3_527cnj.json","84a6e476-1866-4d8c-95d2-20789f81fe37","False","5","1","0","0","0","0","3334",,
"2026/3/1 12:49:00","adjust_main_n8_mb08_2026-03-01T12-48-35-697Z.jsonl","8","6","24","True","False","questions_ielts_14_test4_passage1_c27d7j_to_l2_r6_google_gemini-3-flash-preview","2","google/gemini-3-flash-preview","openrouter","ielts_14_test4_passage1_c27d7j","questions","ielts_14_test4_passage1_c27d7j.json","b2a54f9a-a299-46ac-ad48-68e2981055b3","True","5","0.975","0","0","0","0","3830",,
"2026/3/1 12:49:04","adjust_main_n8_mb08_2026-03-01T12-48-35-697Z.jsonl","8","7","24","True","False","questions_ielts_14_test4_passage2_c27dnj_to_l2_r7_google_gemini-3-flash-preview","2","google/gemini-3-flash-preview","openrouter","ielts_14_test4_passage2_c27dnj","questions","ielts_14_test4_passage2_c27dnj.json","06e1a77e-609a-4e19-80d7-7573f316727c","False","5","1","0","0","0","0","3083",,
"2026/3/1 12:49:07","adjust_main_n8_mb08_2026-03-01T12-48-35-697Z.jsonl","8","8","24","True","False","questions_ielts_14_test4_passage3_527e3j_to_l2_r8_google_gemini-3-flash-preview","2","google/gemini-3-flash-preview","openrouter","ielts_14_test4_passage3_527e3j","questions","ielts_14_test4_passage3_527e3j.json","8da6b097-0995-4840-841c-414f8ad17930","False","5","0.9719","0","0","0","0","2997",,
"2026/3/1 12:49:12","adjust_main_n8_mb08_2026-03-01T12-48-35-697Z.jsonl","8","9","24","True","False","questions_ielts_15_test1_passage1_727epj_to_l3_r1_google_gemini-3-flash-preview","3","google/gemini-3-flash-preview","openrouter","ielts_15_test1_passage1_727epj","questions","ielts_15_test1_passage1_727epj.json","57805942-3cf2-498f-b0ac-1e51e755a011","True","5","1","0","0","0","0","4211",,
"2026/3/1 12:49:16","adjust_main_n8_mb08_2026-03-01T12-48-35-697Z.jsonl","8","10","24","True","False","questions_ielts_15_test1_passage3_e27fnj_to_l3_r2_google_gemini-3-flash-preview","3","google/gemini-3-flash-preview","openrouter","ielts_15_test1_passage3_e27fnj","questions","ielts_15_test1_passage3_e27fnj.json","2ebc70b9-f184-42d7-b1df-13364eb859df","True","5","0.971","0","0","0","0","4462",,
"2026/3/1 12:49:21","adjust_main_n8_mb08_2026-03-01T12-48-35-697Z.jsonl","8","11","24","True","False","questions_ielts_15_test2_passage3_827h2j_to_l3_r3_google_gemini-3-flash-preview","3","google/gemini-3-flash-preview","openrouter","ielts_15_test2_passage3_827h2j","questions","ielts_15_test2_passage3_827h2j.json","45904d05-270d-431a-a7d1-a57796c01ceb","False","5","0.9679","0","0","0","0","4132",,
"2026/3/1 12:49:24","adjust_main_n8_mb08_2026-03-01T12-48-35-697Z.jsonl","8","12","24","True","False","questions_ielts_15_test3_passage1_e27hmj_to_l3_r4_google_gemini-3-flash-preview","3","google/gemini-3-flash-preview","openrouter","ielts_15_test3_passage1_e27hmj","questions","ielts_15_test3_passage1_e27hmj.json","3892a916-0974-401c-87ca-08fbc547709a","True","5","1","0","0","0","0","3039",,
"2026/3/1 12:49:29","adjust_main_n8_mb08_2026-03-01T12-48-35-697Z.jsonl","8","13","24","True","False","questions_ielts_15_test3_passage3_b27iij_to_l3_r5_google_gemini-3-flash-preview","3","google/gemini-3-flash-preview","openrouter","ielts_15_test3_passage3_b27iij","questions","ielts_15_test3_passage3_b27iij.json","7daa0f6f-f98f-4ea3-8a09-140d17f0023d","False","5","0.9625","0","0","0","0","4102",,
"2026/3/1 12:49:33","adjust_main_n8_mb08_2026-03-01T12-48-35-697Z.jsonl","8","14","24","True","False","questions_ielts_15_test4_passage1_327j0j_to_l3_r6_google_gemini-3-flash-preview","3","google/gemini-3-flash-preview","openrouter","ielts_15_test4_passage1_327j0j","questions","ielts_15_test4_passage1_327j0j.json","19e11115-022d-448f-a7d8-1135e291393f","False","5","0.9743","0","0","0","0","3907",,
"2026/3/1 12:49:36","adjust_main_n8_mb08_2026-03-01T12-48-35-697Z.jsonl","8","15","24","True","False","questions_ielts_15_test4_passage2_027jhj_to_l3_r7_google_gemini-3-flash-preview","3","google/gemini-3-flash-preview","openrouter","ielts_15_test4_passage2_027jhj","questions","ielts_15_test4_passage2_027jhj.json","9de1f056-762e-4136-bfd3-e3462b8ed29e","False","5","0.973","0","0","0","0","2979",,
"2026/3/1 12:49:40","adjust_main_n8_mb08_2026-03-01T12-48-35-697Z.jsonl","8","16","24","True","False","questions_ielts_15_test4_passage3_027jxj_to_l3_r8_google_gemini-3-flash-preview","3","google/gemini-3-flash-preview","openrouter","ielts_15_test4_passage3_027jxj","questions","ielts_15_test4_passage3_027jxj.json","66b38e86-0346-49d6-8064-6b20ce12f0d5","False","5","1","0","0","0","0","3429",,
"2026/3/1 12:49:44","adjust_main_n8_mb08_2026-03-01T12-48-35-697Z.jsonl","8","17","24","True","False","questions_ielts_16_test1_passage1_827khj_to_l4_r1_google_gemini-3-flash-preview","4","google/gemini-3-flash-preview","openrouter","ielts_16_test1_passage1_827khj","questions","ielts_16_test1_passage1_827khj.json","9f0b4994-f9d1-4e7e-a538-6e55ed716cbe","False","5","1","0","0","0","0","4113",,
"2026/3/1 12:49:50","adjust_main_n8_mb08_2026-03-01T12-48-35-697Z.jsonl","8","18","24","True","False","questions_ielts_16_test1_passage3_c27ldj_to_l4_r2_google_gemini-3-flash-preview","4","google/gemini-3-flash-preview","openrouter","ielts_16_test1_passage3_c27ldj","questions","ielts_16_test1_passage3_c27ldj.json","a6093771-66cb-4b8e-8870-a3229fb52b22","True","5","0.9565","0","0","0","0","5032",,
"2026/3/1 12:49:56","adjust_main_n8_mb08_2026-03-01T12-48-35-697Z.jsonl","8","19","24","True","False","questions_ielts_16_test2_passage1_927lvj_to_l4_r3_google_gemini-3-flash-preview","4","google/gemini-3-flash-preview","openrouter","ielts_16_test2_passage1_927lvj","questions","ielts_16_test2_passage1_927lvj.json","47380ee1-05e5-400d-97a4-1bf3f693b406","False","5","1","0","0","0","0","5713",,
"2026/3/1 12:49:59","adjust_main_n8_mb08_2026-03-01T12-48-35-697Z.jsonl","8","20","24","True","False","questions_ielts_16_test2_passage2_a27mbj_to_l4_r4_google_gemini-3-flash-preview","4","google/gemini-3-flash-preview","openrouter","ielts_16_test2_passage2_a27mbj","questions","ielts_16_test2_passage2_a27mbj.json","79c181a3-ca45-41c0-8608-90138632eb12","False","5","1","0","0","0","0","3210",,
"2026/3/1 12:50:02","adjust_main_n8_mb08_2026-03-01T12-48-35-697Z.jsonl","8","21","24","True","False","questions_ielts_16_test2_passage3_027mtj_to_l4_r5_google_gemini-3-flash-preview","4","google/gemini-3-flash-preview","openrouter","ielts_16_test2_passage3_027mtj","questions","ielts_16_test2_passage3_027mtj.json","49211286-5a44-470c-a391-7ae4fdc48a3d","False","5","0.9795","0","0","0","0","3067",,
"2026/3/1 12:50:06","adjust_main_n8_mb08_2026-03-01T12-48-35-697Z.jsonl","8","22","24","True","False","questions_ielts_16_test3_passage1_827nbj_to_l4_r6_google_gemini-3-flash-preview","4","google/gemini-3-flash-preview","openrouter","ielts_16_test3_passage1_827nbj","questions","ielts_16_test3_passage1_827nbj.json","82277927-125c-482b-9455-eab523641301","False","5","0.9882","0","0","0","0","2759",,
"2026/3/1 12:50:09","adjust_main_n8_mb08_2026-03-01T12-48-35-697Z.jsonl","8","23","24","True","False","questions_ielts_16_test3_passage3_227o8j_to_l4_r7_google_gemini-3-flash-preview","4","google/gemini-3-flash-preview","openrouter","ielts_16_test3_passage3_227o8j","questions","ielts_16_test3_passage3_227o8j.json","93c9bafe-cf10-4a0d-bd7e-693cb0ce3cbb","True","5","0.9534","0","0","0","0","3014",,
"2026/3/1 12:50:13","adjust_main_n8_mb08_2026-03-01T12-48-35-697Z.jsonl","8","24","24","True","False","questions_ielts_16_test4_passage1_d27oqj_to_l4_r8_google_gemini-3-flash-preview","4","google/gemini-3-flash-preview","openrouter","ielts_16_test4_passage1_d27oqj","questions","ielts_16_test4_passage1_d27oqj.json","745a2fcf-a9c5-4df9-b761-22616834a595","False","5","1","0","0","0","0","3423",,
"2026/3/1 12:48:39","adjust_main_n8_mb09_2026-03-01T12-48-35-697Z.jsonl","9","1","24","True","False","questions_ielts_16_test4_passage2_027p7j_to_l5_r1_google_gemini-3-flash-preview","5","google/gemini-3-flash-preview","openrouter","ielts_16_test4_passage2_027p7j","questions","ielts_16_test4_passage2_027p7j.json","2aff8eaf-170c-4998-9912-40614f6cf994","False","5","1","0","0","0","0","3825",,
"2026/3/1 12:48:43","adjust_main_n8_mb09_2026-03-01T12-48-35-697Z.jsonl","9","2","24","True","False","questions_ielts_16_test4_passage3_c27puj_to_l5_r2_google_gemini-3-flash-preview","5","google/gemini-3-flash-preview","openrouter","ielts_16_test4_passage3_c27puj","questions","ielts_16_test4_passage3_c27puj.json","ada6df94-1774-4e6d-8a02-3d5252a0961b","False","5","1","0","0","0","0","3910",,
"2026/3/1 12:48:47","adjust_main_n8_mb09_2026-03-01T12-48-35-697Z.jsonl","9","3","24","True","False","questions_ielts_17_test1_passage1_c27quj_to_l5_r3_google_gemini-3-flash-preview","5","google/gemini-3-flash-preview","openrouter","ielts_17_test1_passage1_c27quj","questions","ielts_17_test1_passage1_c27quj.json","3dd6b185-d848-470f-8a4d-e3910c3c6acb","False","5","1","0","0","0","0","3060",,
"2026/3/1 12:48:52","adjust_main_n8_mb09_2026-03-01T12-48-35-697Z.jsonl","9","4","24","True","False","questions_ielts_17_test1_passage3_d27rrj_to_l5_r4_google_gemini-3-flash-preview","5","google/gemini-3-flash-preview","openrouter","ielts_17_test1_passage3_d27rrj","questions","ielts_17_test1_passage3_d27rrj.json","134fa0d7-dda1-4d6c-bb4f-b8b604655172","False","5","1","0","0","0","0","4904",,
"2026/3/1 12:48:55","adjust_main_n8_mb09_2026-03-01T12-48-35-697Z.jsonl","9","5","24","True","False","questions_ielts_17_test2_passage1_627s9j_to_l5_r5_google_gemini-3-flash-preview","5","google/gemini-3-flash-preview","openrouter","ielts_17_test2_passage1_627s9j","questions","ielts_17_test2_passage1_627s9j.json","15d2d2ab-4299-4462-a145-86513c9bd5b0","False","5","1","0","0","0","0","3074",,
"2026/3/1 12:48:58","adjust_main_n8_mb09_2026-03-01T12-48-35-697Z.jsonl","9","6","24","True","False","questions_ielts_17_test2_passage3_627t7j_to_l5_r6_google_gemini-3-flash-preview","5","google/gemini-3-flash-preview","openrouter","ielts_17_test2_passage3_627t7j","questions","ielts_17_test2_passage3_627t7j.json","5e497ff0-1ad3-48a5-8f62-1f8e928413a7","False","5","1","0","0","0","0","2948",,
"2026/3/1 12:49:03","adjust_main_n8_mb09_2026-03-01T12-48-35-697Z.jsonl","9","7","24","True","False","questions_ielts_17_test3_passage1_c27tpj_to_l5_r7_google_gemini-3-flash-preview","5","google/gemini-3-flash-preview","openrouter","ielts_17_test3_passage1_c27tpj","questions","ielts_17_test3_passage1_c27tpj.json","64ec0175-389f-453b-9198-4f857d93ef40","False","5","1","0","0","0","0","4047",,
"2026/3/1 12:49:06","adjust_main_n8_mb09_2026-03-01T12-48-35-697Z.jsonl","9","8","24","True","False","questions_ielts_17_test3_passage3_f27umj_to_l5_r8_google_gemini-3-flash-preview","5","google/gemini-3-flash-preview","openrouter","ielts_17_test3_passage3_f27umj","questions","ielts_17_test3_passage3_f27umj.json","fd9f4b52-e3d8-4989-8189-6757843c9f26","False","5","1","0","0","0","0","2949",,
"2026/3/1 12:49:10","adjust_main_n8_mb09_2026-03-01T12-48-35-697Z.jsonl","9","9","24","True","False","generated_0350be07-6c09-40f8-a55b-a43f7fb8faab_to_l1_r1_google_gemini-3-flash-preview","1","google/gemini-3-flash-preview","openrouter","0350be07-6c09-40f8-a55b-a43f7fb8faab","generated","0350be07-6c09-40f8-a55b-a43f7fb8faab.json","223c76c7-b5f3-451e-863e-a15a18b79a21","False","5","1","0","0","0","0","3903",,
"2026/3/1 12:49:15","adjust_main_n8_mb09_2026-03-01T12-48-35-697Z.jsonl","9","10","24","True","False","generated_039cb4b4-1508-481e-abd4-522e76f3ccf3_to_l1_r2_google_gemini-3-flash-preview","1","google/gemini-3-flash-preview","openrouter","039cb4b4-1508-481e-abd4-522e76f3ccf3","generated","039cb4b4-1508-481e-abd4-522e76f3ccf3.json","d3d3242c-4af5-4bb9-a045-31314ca04b47","True","5","1","0","0","0","0","4432",,
"2026/3/1 12:49:20","adjust_main_n8_mb09_2026-03-01T12-48-35-697Z.jsonl","9","11","24","True","False","generated_09edb394-a0f6-4424-a226-f4deeb51e99f_to_l1_r3_google_gemini-3-flash-preview","1","google/gemini-3-flash-preview","openrouter","09edb394-a0f6-4424-a226-f4deeb51e99f","generated","09edb394-a0f6-4424-a226-f4deeb51e99f.json","a41235fc-8218-4854-a261-f26b044e9059","False","5","0.925","0","0","0","0","4428",,
"2026/3/1 12:49:24","adjust_main_n8_mb09_2026-03-01T12-48-35-697Z.jsonl","9","12","24","True","False","generated_0abb6f8a-2252-4304-a020-1cdf392abadd_to_l1_r4_google_gemini-3-flash-preview","1","google/gemini-3-flash-preview","openrouter","0abb6f8a-2252-4304-a020-1cdf392abadd","generated","0abb6f8a-2252-4304-a020-1cdf392abadd.json","b98b7875-f494-4a6c-bd33-2c45b2e31d9d","False","5","1","0","0","0","0","3839",,
"2026/3/1 12:49:27","adjust_main_n8_mb09_2026-03-01T12-48-35-697Z.jsonl","9","13","24","True","False","generated_0ae1cae6-1308-47f1-b1d7-c27541b36b95_to_l1_r5_google_gemini-3-flash-preview","1","google/gemini-3-flash-preview","openrouter","0ae1cae6-1308-47f1-b1d7-c27541b36b95","generated","0ae1cae6-1308-47f1-b1d7-c27541b36b95.json","e653194d-2908-4973-8cfa-9b141c059b0a","False","5","1","0","0","0","0","2970",,
"2026/3/1 12:49:30","adjust_main_n8_mb09_2026-03-01T12-48-35-697Z.jsonl","9","14","24","True","False","generated_0bef376f-b893-43d1-820d-00fba9ab6838_to_l1_r6_google_gemini-3-flash-preview","1","google/gemini-3-flash-preview","openrouter","0bef376f-b893-43d1-820d-00fba9ab6838","generated","0bef376f-b893-43d1-820d-00fba9ab6838.json","617f10a5-fcfb-47b5-85bb-cfe82d3d3c0d","False","5","1","0","0","0","0","2932",,
"2026/3/1 12:49:35","adjust_main_n8_mb09_2026-03-01T12-48-35-697Z.jsonl","9","15","24","True","False","generated_0c073ba2-1279-4572-a200-bd170c99d332_to_l1_r7_google_gemini-3-flash-preview","1","google/gemini-3-flash-preview","openrouter","0c073ba2-1279-4572-a200-bd170c99d332","generated","0c073ba2-1279-4572-a200-bd170c99d332.json","1282d48f-328d-4936-8bf4-16dd48bf2464","False","5","1","0","0","0","0","4436",,
"2026/3/1 12:49:40","adjust_main_n8_mb09_2026-03-01T12-48-35-697Z.jsonl","9","16","24","True","False","generated_0c413512-f7ee-4e64-b5f2-e35d46dc7ad7_to_l1_r8_google_gemini-3-flash-preview","1","google/gemini-3-flash-preview","openrouter","0c413512-f7ee-4e64-b5f2-e35d46dc7ad7","generated","0c413512-f7ee-4e64-b5f2-e35d46dc7ad7.json","3394c49e-1d51-4b0b-90b6-0d28569cc032","True","5","0.9908","0","0","0","0","4120",,
"2026/3/1 12:49:43","adjust_main_n8_mb09_2026-03-01T12-48-35-697Z.jsonl","9","17","24","True","False","generated_0c812562-e605-4eec-9b15-fa0701517dd0_to_l2_r1_google_gemini-3-flash-preview","2","google/gemini-3-flash-preview","openrouter","0c812562-e605-4eec-9b15-fa0701517dd0","generated","0c812562-e605-4eec-9b15-fa0701517dd0.json","1b72da69-229a-47a9-b7f2-fee6e5a3be07","False","5","0.9786","0","0","0","0","3095",,
"2026/3/1 12:49:47","adjust_main_n8_mb09_2026-03-01T12-48-35-697Z.jsonl","9","18","24","True","False","generated_0c8587eb-b6e0-484b-8c70-807e3266c714_to_l2_r2_google_gemini-3-flash-preview","2","google/gemini-3-flash-preview","openrouter","0c8587eb-b6e0-484b-8c70-807e3266c714","generated","0c8587eb-b6e0-484b-8c70-807e3266c714.json","34ec8f1b-c3b9-4318-b603-03283fe32ff7","False","5","0.9943","0","0","0","0","3271",,
"2026/3/1 12:49:50","adjust_main_n8_mb09_2026-03-01T12-48-35-697Z.jsonl","9","19","24","True","False","generated_0e4b88a4-1242-4606-888a-6c1f1b7f7804_to_l2_r3_google_gemini-3-flash-preview","2","google/gemini-3-flash-preview","openrouter","0e4b88a4-1242-4606-888a-6c1f1b7f7804","generated","0e4b88a4-1242-4606-888a-6c1f1b7f7804.json","a745b01b-466f-4571-b3e9-51b3caeb0275","False","5","1","0","0","0","0","3107",,
"2026/3/1 12:49:54","adjust_main_n8_mb09_2026-03-01T12-48-35-697Z.jsonl","9","20","24","True","False","generated_0f1efd6f-a3bd-4915-bd74-9a73aa50720b_to_l2_r4_google_gemini-3-flash-preview","2","google/gemini-3-flash-preview","openrouter","0f1efd6f-a3bd-4915-bd74-9a73aa50720b","generated","0f1efd6f-a3bd-4915-bd74-9a73aa50720b.json","84be7cd7-4bf2-4cad-8170-ab3e08a49e9b","False","5","1","0","0","0","0","3241",,
"2026/3/1 12:49:58","adjust_main_n8_mb09_2026-03-01T12-48-35-697Z.jsonl","9","21","24","True","False","generated_11a0826e-5a87-4e50-b071-49d4d7daa336_to_l2_r5_google_gemini-3-flash-preview","2","google/gemini-3-flash-preview","openrouter","11a0826e-5a87-4e50-b071-49d4d7daa336","generated","11a0826e-5a87-4e50-b071-49d4d7daa336.json","83e49397-a815-4d9b-b787-36b525569bc5","True","5","1","0","0","0","0","4466",,
"2026/3/1 12:50:01","adjust_main_n8_mb09_2026-03-01T12-48-35-697Z.jsonl","9","22","24","True","False","generated_124bd8f6-90f3-4fa5-9ed1-72ce929b791f_to_l2_r6_google_gemini-3-flash-preview","2","google/gemini-3-flash-preview","openrouter","124bd8f6-90f3-4fa5-9ed1-72ce929b791f","generated","124bd8f6-90f3-4fa5-9ed1-72ce929b791f.json","a222a1c1-a364-48fe-9b43-809250633b83","False","5","1","0","0","0","0","2848",,
"2026/3/1 12:50:05","adjust_main_n8_mb09_2026-03-01T12-48-35-697Z.jsonl","9","23","24","True","False","generated_14437b00-2ac3-40e2-a14b-1112e936a901_to_l2_r7_google_gemini-3-flash-preview","2","google/gemini-3-flash-preview","openrouter","14437b00-2ac3-40e2-a14b-1112e936a901","generated","14437b00-2ac3-40e2-a14b-1112e936a901.json","3c693749-2eef-4b65-bbd9-f06857921846","False","5","1","0","0","0","0","2811",,
"2026/3/1 12:50:09","adjust_main_n8_mb09_2026-03-01T12-48-35-697Z.jsonl","9","24","24","True","False","generated_1679e35f-e594-4859-a7ba-551d81fc8369_to_l2_r8_google_gemini-3-flash-preview","2","google/gemini-3-flash-preview","openrouter","1679e35f-e594-4859-a7ba-551d81fc8369","generated","1679e35f-e594-4859-a7ba-551d81fc8369.json","0b2cb20c-fc6f-4046-a4a9-30bf61422aec","False","5","1","0","0","0","0","4246",,
"2026/3/1 12:48:39","adjust_main_n8_mb10_2026-03-01T12-48-35-698Z.jsonl","10","1","24","True","False","generated_18e3546e-a14a-4655-a5b1-e4ea21ec633e_to_l3_r1_google_gemini-3-flash-preview","3","google/gemini-3-flash-preview","openrouter","18e3546e-a14a-4655-a5b1-e4ea21ec633e","generated","18e3546e-a14a-4655-a5b1-e4ea21ec633e.json","6dbc3711-1936-466e-97d8-6662173e3fc7","False","5","1","0","0","0","0","3448",,
"2026/3/1 12:48:45","adjust_main_n8_mb10_2026-03-01T12-48-35-698Z.jsonl","10","2","24","True","False","generated_1935319b-6d42-4309-99eb-fdf7003928ae_to_l3_r2_google_gemini-3-flash-preview","3","google/gemini-3-flash-preview","openrouter","1935319b-6d42-4309-99eb-fdf7003928ae","generated","1935319b-6d42-4309-99eb-fdf7003928ae.json","52364b9e-d107-4e6f-b893-1c8ef8aa0da9","False","5","1","0","0","0","0","6354",,
"2026/3/1 12:48:49","adjust_main_n8_mb10_2026-03-01T12-48-35-698Z.jsonl","10","3","24","True","False","generated_1aa948e6-8ed3-4f58-9bf3-6c597cef030b_to_l3_r3_google_gemini-3-flash-preview","3","google/gemini-3-flash-preview","openrouter","1aa948e6-8ed3-4f58-9bf3-6c597cef030b","generated","1aa948e6-8ed3-4f58-9bf3-6c597cef030b.json","b8e0c916-71b8-4650-840f-c49c9d588bb0","False","5","0.9871","0","0","0","0","3061",,
"2026/3/1 12:48:53","adjust_main_n8_mb10_2026-03-01T12-48-35-698Z.jsonl","10","4","24","True","False","generated_1d07bc5b-d510-4384-8583-aad7baff6773_to_l3_r4_google_gemini-3-flash-preview","3","google/gemini-3-flash-preview","openrouter","1d07bc5b-d510-4384-8583-aad7baff6773","generated","1d07bc5b-d510-4384-8583-aad7baff6773.json","6ef454fa-c237-46c2-b4a8-e3922b4ae616","False","5","1","0","0","0","0","4240",,
"2026/3/1 12:48:58","adjust_main_n8_mb10_2026-03-01T12-48-35-698Z.jsonl","10","5","24","True","False","generated_1eff4d7a-8ebe-4111-8851-32b0a55876be_to_l3_r5_google_gemini-3-flash-preview","3","google/gemini-3-flash-preview","openrouter","1eff4d7a-8ebe-4111-8851-32b0a55876be","generated","1eff4d7a-8ebe-4111-8851-32b0a55876be.json","87c0a4fd-f16d-4b71-bcb8-6d947480afdb","False","5","1","0","0","0","0","4378",,
"2026/3/1 12:49:02","adjust_main_n8_mb10_2026-03-01T12-48-35-698Z.jsonl","10","6","24","True","False","generated_1fff278e-2ec5-4c58-86b2-9ca8f453367b_to_l3_r6_google_gemini-3-flash-preview","3","google/gemini-3-flash-preview","openrouter","1fff278e-2ec5-4c58-86b2-9ca8f453367b","generated","1fff278e-2ec5-4c58-86b2-9ca8f453367b.json","1331be19-0674-4f72-8b14-582f08d6e81d","False","5","0.9671","0","0","0","0","4202",,
"2026/3/1 12:49:05","adjust_main_n8_mb10_2026-03-01T12-48-35-698Z.jsonl","10","7","24","True","False","generated_203ae205-3a4d-4dcc-aab2-69ad42372bc5_to_l3_r7_google_gemini-3-flash-preview","3","google/gemini-3-flash-preview","openrouter","203ae205-3a4d-4dcc-aab2-69ad42372bc5","generated","203ae205-3a4d-4dcc-aab2-69ad42372bc5.json","0706f6ca-5306-4407-9ff5-f371c86fb89a","False","5","0.9871","0","0","0","0","2739",,
"2026/3/1 12:49:09","adjust_main_n8_mb10_2026-03-01T12-48-35-698Z.jsonl","10","8","24","True","False","generated_23e68211-0ca0-4ca3-bbd5-c133ca9884b9_to_l3_r8_google_gemini-3-flash-preview","3","google/gemini-3-flash-preview","openrouter","23e68211-0ca0-4ca3-bbd5-c133ca9884b9","generated","23e68211-0ca0-4ca3-bbd5-c133ca9884b9.json","f4b0e538-0f54-47d7-8475-3b7226357f7a","False","5","0.9437","0","0","0","0","3124",,
"2026/3/1 12:49:13","adjust_main_n8_mb10_2026-03-01T12-48-35-698Z.jsonl","10","9","24","True","False","generated_24e797b0-643b-4ab7-acc1-92a2fd3bcfff_to_l4_r1_google_gemini-3-flash-preview","4","google/gemini-3-flash-preview","openrouter","24e797b0-643b-4ab7-acc1-92a2fd3bcfff","generated","24e797b0-643b-4ab7-acc1-92a2fd3bcfff.json","0beeac12-aae2-46bf-ae1a-3d09a1befc38","False","5","1","0","0","0","0","4256",,
"2026/3/1 12:49:17","adjust_main_n8_mb10_2026-03-01T12-48-35-698Z.jsonl","10","10","24","True","False","generated_2593d2ce-cc8e-4356-979d-990202935fd8_to_l4_r2_google_gemini-3-flash-preview","4","google/gemini-3-flash-preview","openrouter","2593d2ce-cc8e-4356-979d-990202935fd8","generated","2593d2ce-cc8e-4356-979d-990202935fd8.json","d3d8fbaf-c79b-4763-bbed-25693619065e","False","5","1","0","0","0","0","2779",,
"2026/3/1 12:49:20","adjust_main_n8_mb10_2026-03-01T12-48-35-698Z.jsonl","10","11","24","True","False","generated_26e90809-9715-4fc0-b0db-4f5d828a8422_to_l4_r3_google_gemini-3-flash-preview","4","google/gemini-3-flash-preview","openrouter","26e90809-9715-4fc0-b0db-4f5d828a8422","generated","26e90809-9715-4fc0-b0db-4f5d828a8422.json","d9b57987-8eaa-4360-abc9-1531a8944cf7","False","5","1","0","0","0","0","2795",,
"2026/3/1 12:49:24","adjust_main_n8_mb10_2026-03-01T12-48-35-698Z.jsonl","10","12","24","True","False","generated_27257511-4248-4cb3-88f7-c1bc2f51ffb5_to_l4_r4_google_gemini-3-flash-preview","4","google/gemini-3-flash-preview","openrouter","27257511-4248-4cb3-88f7-c1bc2f51ffb5","generated","27257511-4248-4cb3-88f7-c1bc2f51ffb5.json","8b3815b7-f594-43e8-8152-22ac36038896","False","5","0.97","0","0","0","0","3685",,
"2026/3/1 12:49:27","adjust_main_n8_mb10_2026-03-01T12-48-35-698Z.jsonl","10","13","24","True","False","generated_2a1d9b0b-8b9f-45bc-b2ca-fbcc4d874bc5_to_l4_r5_google_gemini-3-flash-preview","4","google/gemini-3-flash-preview","openrouter","2a1d9b0b-8b9f-45bc-b2ca-fbcc4d874bc5","generated","2a1d9b0b-8b9f-45bc-b2ca-fbcc4d874bc5.json","286c80b7-a41e-4788-837d-7033003e067f","False","5","1","0","0","0","0","2947",,
"2026/3/1 12:49:30","adjust_main_n8_mb10_2026-03-01T12-48-35-698Z.jsonl","10","14","24","True","False","generated_2cd8144f-fd45-48ef-9011-c6f4e751a89f_to_l4_r6_google_gemini-3-flash-preview","4","google/gemini-3-flash-preview","openrouter","2cd8144f-fd45-48ef-9011-c6f4e751a89f","generated","2cd8144f-fd45-48ef-9011-c6f4e751a89f.json","4fa1a88f-4783-402a-a0a3-127ca477e89f","False","5","0.9514","0","0","0","0","3079",,
"2026/3/1 12:49:35","adjust_main_n8_mb10_2026-03-01T12-48-35-698Z.jsonl","10","15","24","True","False","generated_2d1748ce-785b-4aef-9110-620163cc46ce_to_l4_r7_google_gemini-3-flash-preview","4","google/gemini-3-flash-preview","openrouter","2d1748ce-785b-4aef-9110-620163cc46ce","generated","2d1748ce-785b-4aef-9110-620163cc46ce.json","af154fb0-0e58-4a57-9643-f436f10d7c03","False","5","1","0","0","0","0","3932",,
"2026/3/1 12:49:39","adjust_main_n8_mb10_2026-03-01T12-48-35-698Z.jsonl","10","16","24","True","False","generated_2f6c2454-faf6-4af1-86f6-e93e93d6181a_to_l4_r8_google_gemini-3-flash-preview","4","google/gemini-3-flash-preview","openrouter","2f6c2454-faf6-4af1-86f6-e93e93d6181a","generated","2f6c2454-faf6-4af1-86f6-e93e93d6181a.json","e39cf492-7af5-4fcf-bf7b-c605bb71675f","False","5","1","0","0","0","0","4182",,
"2026/3/1 12:49:42","adjust_main_n8_mb10_2026-03-01T12-48-35-698Z.jsonl","10","17","24","True","False","generated_32643a93-325e-4493-8cd6-bfe2b3e65c1b_to_l5_r1_google_gemini-3-flash-preview","5","google/gemini-3-flash-preview","openrouter","32643a93-325e-4493-8cd6-bfe2b3e65c1b","generated","32643a93-325e-4493-8cd6-bfe2b3e65c1b.json","9e9f47d6-4e8a-4c05-aafe-b3d3391bf0ef","True","5","1","0","0","0","0","3059",,
"2026/3/1 12:49:47","adjust_main_n8_mb10_2026-03-01T12-48-35-698Z.jsonl","10","18","24","True","False","generated_32d83859-e1a7-45f6-8295-7e6df0e27fd2_to_l5_r2_google_gemini-3-flash-preview","5","google/gemini-3-flash-preview","openrouter","32d83859-e1a7-45f6-8295-7e6df0e27fd2","generated","32d83859-e1a7-45f6-8295-7e6df0e27fd2.json","9f0ca456-b2e1-4f5c-8289-77efbd3973fb","True","5","1","0","0","0","0","3839",,
"2026/3/1 12:49:51","adjust_main_n8_mb10_2026-03-01T12-48-35-698Z.jsonl","10","19","24","True","False","generated_3481ef0a-beb7-4eb2-9ac3-b8da0f4f3afd_to_l5_r3_google_gemini-3-flash-preview","5","google/gemini-3-flash-preview","openrouter","3481ef0a-beb7-4eb2-9ac3-b8da0f4f3afd","generated","3481ef0a-beb7-4eb2-9ac3-b8da0f4f3afd.json","23bf3d12-0d70-40af-83f3-a53b9cacdcf5","True","5","0.9743","0","0","0","0","4592",,
"2026/3/1 12:49:55","adjust_main_n8_mb10_2026-03-01T12-48-35-698Z.jsonl","10","20","24","True","False","generated_35befef3-7876-4a93-a39e-9b2c271bc8f9_to_l5_r4_google_gemini-3-flash-preview","5","google/gemini-3-flash-preview","openrouter","35befef3-7876-4a93-a39e-9b2c271bc8f9","generated","35befef3-7876-4a93-a39e-9b2c271bc8f9.json","6ddecb02-28d0-4c6f-aa49-5aad8b68709f","False","5","0.9357","0","0","0","0","2996",,
"2026/3/1 12:49:58","adjust_main_n8_mb10_2026-03-01T12-48-35-698Z.jsonl","10","21","24","True","False","generated_379ed5d3-997f-49b8-a1ee-43bec1e73b4f_to_l5_r5_google_gemini-3-flash-preview","5","google/gemini-3-flash-preview","openrouter","379ed5d3-997f-49b8-a1ee-43bec1e73b4f","generated","379ed5d3-997f-49b8-a1ee-43bec1e73b4f.json","19f92b24-e570-40a6-bdb4-08c094d39661","False","5","1","0","0","0","0","3197",,
"2026/3/1 12:50:03","adjust_main_n8_mb10_2026-03-01T12-48-35-698Z.jsonl","10","22","24","True","False","generated_37fadc6b-1e87-440c-b8b3-aec0905e222a_to_l5_r6_google_gemini-3-flash-preview","5","google/gemini-3-flash-preview","openrouter","37fadc6b-1e87-440c-b8b3-aec0905e222a","generated","37fadc6b-1e87-440c-b8b3-aec0905e222a.json","1fa52c42-e0e5-46f9-8bb1-d975c5bfc1ca","False","5","1","0","0","0","0","3991",,
"2026/3/1 12:50:06","adjust_main_n8_mb10_2026-03-01T12-48-35-698Z.jsonl","10","23","24","True","False","generated_388e6d31-3617-47aa-9b0f-94e7df01272e_to_l5_r7_google_gemini-3-flash-preview","5","google/gemini-3-flash-preview","openrouter","388e6d31-3617-47aa-9b0f-94e7df01272e","generated","388e6d31-3617-47aa-9b0f-94e7df01272e.json","2d1fc104-4b2a-495d-bae9-1a34f3f39e57","True","5","1","0","0","0","0","3031",,
"2026/3/1 12:50:10","adjust_main_n8_mb10_2026-03-01T12-48-35-698Z.jsonl","10","24","24","True","False","generated_3a38f5cc-c812-475e-912f-eaeacafff3d0_to_l5_r8_google_gemini-3-flash-preview","5","google/gemini-3-flash-preview","openrouter","3a38f5cc-c812-475e-912f-eaeacafff3d0","generated","3a38f5cc-c812-475e-912f-eaeacafff3d0.json","cdec293f-c351-4b3b-a1a0-3e6aca5596b8","False","5","0.9654","0","0","0","0","4116",,
